,contractSymbol,lastTradeDate,strike,lastPrice,bid,ask,contractSize,type,expirationDate
36,AAPL211126C00162500,2021-11-19 20:59:59,162.5,1.29,1.25,1.29,REGULAR,0,2021-11-26
37,AAPL211126C00165000,2021-11-19 20:59:59,165.0,0.71,0.66,0.69,REGULAR,0,2021-11-26
38,AAPL211126C00167500,2021-11-19 20:59:59,167.5,0.38,0.36,0.38,REGULAR,0,2021-11-26
39,AAPL211126C00170000,2021-11-19 20:59:56,170.0,0.23,0.22,0.23,REGULAR,0,2021-11-26
40,AAPL211126C00172500,2021-11-19 20:59:58,172.5,0.14,0.13,0.14,REGULAR,0,2021-11-26
41,AAPL211126C00175000,2021-11-19 20:59:56,175.0,0.1,0.09,0.1,REGULAR,0,2021-11-26
42,AAPL211126C00180000,2021-11-19 20:58:43,180.0,0.06,0.05,0.06,REGULAR,0,2021-11-26
43,AAPL211126C00185000,2021-11-19 20:59:56,185.0,0.03,0.03,0.05,REGULAR,0,2021-11-26
44,AAPL211126C00190000,2021-11-19 20:59:26,190.0,0.03,0.02,0.04,REGULAR,0,2021-11-26
45,AAPL211126C00195000,2021-11-19 20:55:55,195.0,0.02,0.01,0.02,REGULAR,0,2021-11-26
46,AAPL211126C00200000,2021-11-19 20:56:27,200.0,0.02,0.01,0.02,REGULAR,0,2021-11-26
47,AAPL211126C00205000,2021-11-19 20:49:59,205.0,0.02,0.01,0.02,REGULAR,0,2021-11-26
48,AAPL211126P00075000,2021-11-08 17:30:26,75.0,0.01,0.0,0.01,REGULAR,1,2021-11-26
49,AAPL211126P00080000,2021-10-11 17:33:17,80.0,0.06,0.0,0.01,REGULAR,1,2021-11-26
50,AAPL211126P00085000,2021-11-04 16:22:20,85.0,0.01,0.0,0.03,REGULAR,1,2021-11-26
51,AAPL211126P00090000,2021-10-25 16:04:20,90.0,0.03,0.0,0.01,REGULAR,1,2021-11-26
52,AAPL211126P00095000,2021-11-05 14:34:21,95.0,0.01,0.0,0.01,REGULAR,1,2021-11-26
53,AAPL211126P00100000,2021-11-19 18:07:54,100.0,0.01,0.0,0.01,REGULAR,1,2021-11-26
54,AAPL211126P00105000,2021-11-19 15:44:12,105.0,0.01,0.0,0.02,REGULAR,1,2021-11-26
55,AAPL211126P00110000,2021-11-19 18:05:36,110.0,0.01,0.0,0.01,REGULAR,1,2021-11-26
56,AAPL211126P00115000,2021-11-19 20:56:16,115.0,0.01,0.0,0.01,REGULAR,1,2021-11-26
57,AAPL211126P00120000,2021-11-19 20:47:18,120.0,0.01,0.0,0.02,REGULAR,1,2021-11-26
58,AAPL211126P00125000,2021-11-19 20:46:01,125.0,0.02,0.01,0.02,REGULAR,1,2021-11-26
59,AAPL211126P00129000,2021-11-19 20:46:33,129.0,0.03,0.02,0.03,REGULAR,1,2021-11-26
60,AAPL211126P00130000,2021-11-19 20:58:37,130.0,0.02,0.02,0.04,REGULAR,1,2021-11-26
61,AAPL211126P00131000,2021-11-19 20:58:41,131.0,0.04,0.02,0.04,REGULAR,1,2021-11-26
62,AAPL211126P00132000,2021-11-19 20:53:16,132.0,0.03,0.03,0.05,REGULAR,1,2021-11-26
63,AAPL211126P00133000,2021-11-19 20:37:51,133.0,0.03,0.03,0.05,REGULAR,1,2021-11-26
64,AAPL211126P00134000,2021-11-19 20:54:06,134.0,0.04,0.03,0.05,REGULAR,1,2021-11-26
65,AAPL211126P00135000,2021-11-19 20:59:40,135.0,0.06,0.04,0.05,REGULAR,1,2021-11-26
66,AAPL211126P00136000,2021-11-19 20:52:51,136.0,0.06,0.04,0.06,REGULAR,1,2021-11-26
67,AAPL211126P00137000,2021-11-19 20:59:51,137.0,0.06,0.05,0.07,REGULAR,1,2021-11-26
68,AAPL211126P00138000,2021-11-19 20:40:09,138.0,0.05,0.06,0.07,REGULAR,1,2021-11-26
69,AAPL211126P00139000,2021-11-19 20:54:50,139.0,0.07,0.06,0.08,REGULAR,1,2021-11-26
70,AAPL211126P00140000,2021-11-19 20:55:36,140.0,0.08,0.07,0.09,REGULAR,1,2021-11-26
71,AAPL211126P00141000,2021-11-19 20:52:40,141.0,0.08,0.07,0.09,REGULAR,1,2021-11-26
72,AAPL211126P00142000,2021-11-19 20:55:44,142.0,0.09,0.08,0.1,REGULAR,1,2021-11-26
73,AAPL211126P00143000,2021-11-19 20:57:13,143.0,0.09,0.08,0.1,REGULAR,1,2021-11-26
74,AAPL211126P00144000,2021-11-19 20:58:25,144.0,0.09,0.09,0.11,REGULAR,1,2021-11-26
75,AAPL211126P00145000,2021-11-19 20:59:54,145.0,0.11,0.1,0.12,REGULAR,1,2021-11-26
76,AAPL211126P00146000,2021-11-19 20:59:33,146.0,0.12,0.11,0.13,REGULAR,1,2021-11-26
77,AAPL211126P00147000,2021-11-19 20:59:54,147.0,0.12,0.13,0.14,REGULAR,1,2021-11-26
78,AAPL211126P00148000,2021-11-19 20:59:57,148.0,0.15,0.14,0.16,REGULAR,1,2021-11-26
79,AAPL211126P00149000,2021-11-19 20:59:50,149.0,0.16,0.16,0.18,REGULAR,1,2021-11-26
80,AAPL211126P00150000,2021-11-19 20:59:57,150.0,0.19,0.19,0.21,REGULAR,1,2021-11-26
81,AAPL211126P00152500,2021-11-19 20:59:57,152.5,0.3,0.29,0.32,REGULAR,1,2021-11-26
82,AAPL211126P00155000,2021-11-19 20:59:59,155.0,0.51,0.47,0.51,REGULAR,1,2021-11-26
83,AAPL211126P00157500,2021-11-19 20:59:54,157.5,0.9,0.89,0.92,REGULAR,1,2021-11-26
84,AAPL211126P00160000,2021-11-19 20:59:55,160.0,1.72,1.74,1.77,REGULAR,1,2021-11-26
121,AAPL211203C00165000,2021-11-19 20:59:47,165.0,1.32,1.28,1.3,REGULAR,0,2021-12-03
122,AAPL211203C00170000,2021-11-19 20:59:58,170.0,0.53,0.52,0.53,REGULAR,0,2021-12-03
123,AAPL211203C00175000,2021-11-19 20:59:28,175.0,0.24,0.23,0.25,REGULAR,0,2021-12-03
124,AAPL211203C00180000,2021-11-19 20:54:30,180.0,0.13,0.12,0.15,REGULAR,0,2021-12-03
125,AAPL211203C00185000,2021-11-19 20:57:36,185.0,0.09,0.08,0.1,REGULAR,0,2021-12-03
126,AAPL211203C00190000,2021-11-19 20:59:16,190.0,0.07,0.06,0.07,REGULAR,0,2021-12-03
127,AAPL211203C00195000,2021-11-19 20:54:25,195.0,0.05,0.04,0.05,REGULAR,0,2021-12-03
128,AAPL211203C00200000,2021-11-19 20:47:30,200.0,0.04,0.03,0.05,REGULAR,0,2021-12-03
129,AAPL211203C00205000,2021-11-19 20:59:10,205.0,0.03,0.02,0.04,REGULAR,0,2021-12-03
130,AAPL211203C00210000,2021-11-19 20:53:41,210.0,0.03,0.02,0.04,REGULAR,0,2021-12-03
131,AAPL211203P00105000,2021-11-17 15:26:23,105.0,0.02,0.0,0.03,REGULAR,1,2021-12-03
132,AAPL211203P00110000,2021-11-18 16:44:46,110.0,0.03,0.01,0.03,REGULAR,1,2021-12-03
133,AAPL211203P00115000,2021-11-18 18:34:50,115.0,0.02,0.02,0.03,REGULAR,1,2021-12-03
134,AAPL211203P00120000,2021-11-19 20:09:41,120.0,0.02,0.03,0.05,REGULAR,1,2021-12-03
135,AAPL211203P00125000,2021-11-19 20:43:43,125.0,0.04,0.04,0.05,REGULAR,1,2021-12-03
136,AAPL211203P00130000,2021-11-19 20:53:38,130.0,0.07,0.06,0.07,REGULAR,1,2021-12-03
137,AAPL211203P00134000,2021-11-19 20:58:58,134.0,0.09,0.09,0.11,REGULAR,1,2021-12-03
138,AAPL211203P00135000,2021-11-19 20:59:34,135.0,0.1,0.09,0.11,REGULAR,1,2021-12-03
139,AAPL211203P00136000,2021-11-19 20:44:31,136.0,0.11,0.1,0.12,REGULAR,1,2021-12-03
140,AAPL211203P00137000,2021-11-19 20:56:30,137.0,0.11,0.11,0.13,REGULAR,1,2021-12-03
141,AAPL211203P00138000,2021-11-19 20:54:47,138.0,0.13,0.12,0.13,REGULAR,1,2021-12-03
142,AAPL211203P00139000,2021-11-19 20:47:26,139.0,0.14,0.13,0.14,REGULAR,1,2021-12-03
143,AAPL211203P00140000,2021-11-19 20:56:45,140.0,0.15,0.14,0.15,REGULAR,1,2021-12-03
144,AAPL211203P00141000,2021-11-19 20:43:00,141.0,0.15,0.15,0.16,REGULAR,1,2021-12-03
145,AAPL211203P00142000,2021-11-19 20:56:30,142.0,0.17,0.16,0.18,REGULAR,1,2021-12-03
146,AAPL211203P00143000,2021-11-19 20:56:05,143.0,0.19,0.17,0.19,REGULAR,1,2021-12-03
147,AAPL211203P00144000,2021-11-19 20:57:10,144.0,0.2,0.19,0.21,REGULAR,1,2021-12-03
148,AAPL211203P00145000,2021-11-19 20:59:49,145.0,0.22,0.21,0.23,REGULAR,1,2021-12-03
149,AAPL211203P00146000,2021-11-19 20:59:44,146.0,0.25,0.24,0.26,REGULAR,1,2021-12-03
150,AAPL211203P00147000,2021-11-19 20:59:37,147.0,0.27,0.27,0.29,REGULAR,1,2021-12-03
151,AAPL211203P00148000,2021-11-19 20:55:35,148.0,0.32,0.3,0.32,REGULAR,1,2021-12-03
152,AAPL211203P00149000,2021-11-19 20:59:37,149.0,0.36,0.35,0.38,REGULAR,1,2021-12-03
153,AAPL211203P00150000,2021-11-19 20:59:37,150.0,0.44,0.41,0.44,REGULAR,1,2021-12-03
154,AAPL211203P00155000,2021-11-19 20:59:39,155.0,0.99,0.96,1.02,REGULAR,1,2021-12-03
155,AAPL211203P00160000,2021-11-19 20:59:59,160.0,2.56,2.54,2.65,REGULAR,1,2021-12-03
190,AAPL211210C00165000,2021-11-19 20:59:43,165.0,1.84,1.8,1.87,REGULAR,0,2021-12-10
191,AAPL211210C00170000,2021-11-19 20:59:44,170.0,0.85,0.82,0.85,REGULAR,0,2021-12-10
192,AAPL211210C00175000,2021-11-19 20:59:41,175.0,0.42,0.41,0.44,REGULAR,0,2021-12-10
193,AAPL211210C00180000,2021-11-19 20:58:54,180.0,0.24,0.21,0.25,REGULAR,0,2021-12-10
194,AAPL211210C00185000,2021-11-19 20:57:05,185.0,0.15,0.14,0.16,REGULAR,0,2021-12-10
195,AAPL211210C00190000,2021-11-19 20:32:41,190.0,0.11,0.1,0.12,REGULAR,0,2021-12-10
196,AAPL211210C00195000,2021-11-19 20:32:20,195.0,0.08,0.08,0.1,REGULAR,0,2021-12-10
197,AAPL211210C00200000,2021-11-19 20:45:47,200.0,0.07,0.05,0.07,REGULAR,0,2021-12-10
198,AAPL211210C00205000,2021-11-19 20:54:35,205.0,0.05,0.04,0.05,REGULAR,0,2021-12-10
199,AAPL211210P00075000,2021-11-08 16:43:58,75.0,0.01,0.0,0.01,REGULAR,1,2021-12-10
200,AAPL211210P00090000,2021-11-04 16:22:20,90.0,0.04,0.0,0.02,REGULAR,1,2021-12-10
201,AAPL211210P00095000,2021-11-17 16:38:44,95.0,0.03,0.0,0.03,REGULAR,1,2021-12-10
202,AAPL211210P00100000,2021-11-16 19:57:54,100.0,0.03,0.01,0.03,REGULAR,1,2021-12-10
203,AAPL211210P00105000,2021-11-10 19:45:30,105.0,0.06,0.02,0.04,REGULAR,1,2021-12-10
204,AAPL211210P00110000,2021-11-19 17:05:32,110.0,0.02,0.03,0.05,REGULAR,1,2021-12-10
205,AAPL211210P00115000,2021-11-19 15:29:34,115.0,0.05,0.04,0.06,REGULAR,1,2021-12-10
206,AAPL211210P00120000,2021-11-19 20:04:51,120.0,0.05,0.05,0.06,REGULAR,1,2021-12-10
207,AAPL211210P00125000,2021-11-19 20:40:05,125.0,0.09,0.08,0.11,REGULAR,1,2021-12-10
208,AAPL211210P00130000,2021-11-19 20:48:55,130.0,0.13,0.11,0.13,REGULAR,1,2021-12-10
209,AAPL211210P00135000,2021-11-19 20:48:29,135.0,0.17,0.15,0.17,REGULAR,1,2021-12-10
210,AAPL211210P00136000,2021-11-19 20:48:55,136.0,0.18,0.16,0.18,REGULAR,1,2021-12-10
211,AAPL211210P00137000,2021-11-19 20:47:19,137.0,0.19,0.18,0.19,REGULAR,1,2021-12-10
212,AAPL211210P00138000,2021-11-19 20:52:56,138.0,0.2,0.19,0.21,REGULAR,1,2021-12-10
213,AAPL211210P00139000,2021-11-19 20:47:22,139.0,0.22,0.2,0.22,REGULAR,1,2021-12-10
214,AAPL211210P00140000,2021-11-19 20:59:31,140.0,0.23,0.22,0.24,REGULAR,1,2021-12-10
215,AAPL211210P00141000,2021-11-19 20:56:35,141.0,0.25,0.24,0.26,REGULAR,1,2021-12-10
216,AAPL211210P00142000,2021-11-19 20:50:44,142.0,0.28,0.26,0.28,REGULAR,1,2021-12-10
217,AAPL211210P00143000,2021-11-19 20:54:35,143.0,0.31,0.29,0.31,REGULAR,1,2021-12-10
218,AAPL211210P00144000,2021-11-19 20:54:35,144.0,0.33,0.31,0.34,REGULAR,1,2021-12-10
219,AAPL211210P00145000,2021-11-19 20:49:15,145.0,0.36,0.35,0.38,REGULAR,1,2021-12-10
220,AAPL211210P00146000,2021-11-19 20:59:43,146.0,0.41,0.39,0.42,REGULAR,1,2021-12-10
221,AAPL211210P00147000,2021-11-19 20:47:22,147.0,0.45,0.44,0.48,REGULAR,1,2021-12-10
222,AAPL211210P00148000,2021-11-19 20:59:46,148.0,0.52,0.5,0.54,REGULAR,1,2021-12-10
223,AAPL211210P00149000,2021-11-19 20:50:02,149.0,0.61,0.58,0.62,REGULAR,1,2021-12-10
224,AAPL211210P00150000,2021-11-19 20:59:47,150.0,0.7,0.66,0.73,REGULAR,1,2021-12-10
225,AAPL211210P00155000,2021-11-19 20:58:55,155.0,1.5,1.46,1.51,REGULAR,1,2021-12-10
226,AAPL211210P00160000,2021-11-19 20:59:38,160.0,3.25,3.2,3.3,REGULAR,1,2021-12-10
258,AAPL211217C00165000,2021-11-19 20:59:54,165.0,2.41,2.35,2.39,REGULAR,0,2021-12-17
259,AAPL211217C00170000,2021-11-19 20:59:58,170.0,1.2,1.18,1.2,REGULAR,0,2021-12-17
260,AAPL211217C00175000,2021-11-19 20:59:57,175.0,0.61,0.61,0.63,REGULAR,0,2021-12-17
261,AAPL211217C00180000,2021-11-19 20:59:39,180.0,0.34,0.33,0.36,REGULAR,0,2021-12-17
262,AAPL211217C00185000,2021-11-19 20:59:00,185.0,0.22,0.21,0.23,REGULAR,0,2021-12-17
263,AAPL211217C00190000,2021-11-19 20:59:00,190.0,0.16,0.14,0.16,REGULAR,0,2021-12-17
264,AAPL211217C00195000,2021-11-19 20:59:19,195.0,0.11,0.11,0.13,REGULAR,0,2021-12-17
265,AAPL211217C00200000,2021-11-19 20:53:19,200.0,0.1,0.08,0.1,REGULAR,0,2021-12-17
266,AAPL211217C00205000,2021-11-19 20:48:57,205.0,0.08,0.06,0.1,REGULAR,0,2021-12-17
267,AAPL211217C00210000,2021-11-19 20:59:19,210.0,0.07,0.06,0.08,REGULAR,0,2021-12-17
268,AAPL211217C00215000,2021-11-19 20:57:23,215.0,0.05,0.03,0.06,REGULAR,0,2021-12-17
269,AAPL211217C00220000,2021-11-19 20:53:30,220.0,0.05,0.03,0.06,REGULAR,0,2021-12-17
270,AAPL211217C00225000,2021-11-19 18:32:03,225.0,0.04,0.03,0.05,REGULAR,0,2021-12-17
271,AAPL211217C00230000,2021-11-19 20:59:05,230.0,0.04,0.03,0.04,REGULAR,0,2021-12-17
272,AAPL211217C00235000,2021-11-19 20:21:47,235.0,0.03,0.02,0.04,REGULAR,0,2021-12-17
273,AAPL211217C00240000,2021-11-19 20:59:00,240.0,0.02,0.02,0.03,REGULAR,0,2021-12-17
274,AAPL211217P00040000,2021-11-10 16:59:16,40.0,0.01,0.0,0.02,REGULAR,1,2021-12-17
275,AAPL211217P00050000,2021-10-26 17:12:23,50.0,0.01,0.0,2.51,REGULAR,1,2021-12-17
276,AAPL211217P00060000,2021-11-09 20:25:20,60.0,0.01,0.0,0.03,REGULAR,1,2021-12-17
277,AAPL211217P00065000,2021-11-15 17:01:11,65.0,0.01,0.0,0.01,REGULAR,1,2021-12-17
278,AAPL211217P00070000,2021-11-12 17:02:04,70.0,0.01,0.0,0.05,REGULAR,1,2021-12-17
279,AAPL211217P00075000,2021-11-15 16:17:13,75.0,0.01,0.0,0.03,REGULAR,1,2021-12-17
280,AAPL211217P00080000,2021-11-19 19:38:31,80.0,0.02,0.01,0.02,REGULAR,1,2021-12-17
281,AAPL211217P00085000,2021-11-19 19:38:38,85.0,0.01,0.01,0.23,REGULAR,1,2021-12-17
282,AAPL211217P00090000,2021-11-19 19:18:41,90.0,0.03,0.01,0.03,REGULAR,1,2021-12-17
283,AAPL211217P00095000,2021-11-19 19:17:39,95.0,0.03,0.01,0.04,REGULAR,1,2021-12-17
284,AAPL211217P00100000,2021-11-19 20:24:02,100.0,0.03,0.03,0.04,REGULAR,1,2021-12-17
285,AAPL211217P00105000,2021-11-19 20:28:39,105.0,0.03,0.04,0.05,REGULAR,1,2021-12-17
286,AAPL211217P00110000,2021-11-19 20:46:56,110.0,0.07,0.06,0.07,REGULAR,1,2021-12-17
287,AAPL211217P00115000,2021-11-19 20:57:37,115.0,0.09,0.07,0.09,REGULAR,1,2021-12-17
288,AAPL211217P00120000,2021-11-19 20:21:51,120.0,0.09,0.1,0.13,REGULAR,1,2021-12-17
289,AAPL211217P00125000,2021-11-19 20:59:54,125.0,0.14,0.13,0.16,REGULAR,1,2021-12-17
290,AAPL211217P00130000,2021-11-19 20:57:36,130.0,0.17,0.17,0.19,REGULAR,1,2021-12-17
291,AAPL211217P00135000,2021-11-19 20:59:47,135.0,0.23,0.23,0.24,REGULAR,1,2021-12-17
292,AAPL211217P00140000,2021-11-19 20:59:54,140.0,0.32,0.32,0.34,REGULAR,1,2021-12-17
293,AAPL211217P00145000,2021-11-19 20:59:50,145.0,0.52,0.51,0.53,REGULAR,1,2021-12-17
294,AAPL211217P00150000,2021-11-19 20:59:54,150.0,0.94,0.94,0.98,REGULAR,1,2021-12-17
295,AAPL211217P00155000,2021-11-19 20:59:54,155.0,1.91,1.91,1.96,REGULAR,1,2021-12-17
296,AAPL211217P00160000,2021-11-19 20:59:53,160.0,3.75,3.75,3.85,REGULAR,1,2021-12-17
334,AAPL211223C00165000,2021-11-19 20:59:00,165.0,2.75,2.67,2.79,REGULAR,0,2021-12-23
335,AAPL211223C00170000,2021-11-19 20:59:59,170.0,1.5,1.45,1.52,REGULAR,0,2021-12-23
336,AAPL211223C00175000,2021-11-19 20:59:56,175.0,0.83,0.79,0.85,REGULAR,0,2021-12-23
337,AAPL211223C00180000,2021-11-19 20:51:33,180.0,0.51,0.46,0.5,REGULAR,0,2021-12-23
338,AAPL211223C00185000,2021-11-19 20:45:38,185.0,0.34,0.29,0.33,REGULAR,0,2021-12-23
339,AAPL211223C00190000,2021-11-19 20:58:32,190.0,0.22,0.2,0.23,REGULAR,0,2021-12-23
340,AAPL211223C00195000,2021-11-19 19:48:08,195.0,0.18,0.14,0.18,REGULAR,0,2021-12-23
341,AAPL211223C00200000,2021-11-19 20:49:42,200.0,0.14,0.13,0.15,REGULAR,0,2021-12-23
342,AAPL211223P00100000,2021-11-19 19:40:40,100.0,0.04,0.03,0.05,REGULAR,1,2021-12-23
343,AAPL211223P00105000,2021-11-19 18:55:01,105.0,0.06,0.05,0.08,REGULAR,1,2021-12-23
344,AAPL211223P00110000,2021-11-18 18:54:50,110.0,0.08,0.07,0.1,REGULAR,1,2021-12-23
345,AAPL211223P00115000,2021-11-19 20:59:45,115.0,0.11,0.09,0.12,REGULAR,1,2021-12-23
346,AAPL211223P00120000,2021-11-19 18:06:50,120.0,0.13,0.12,0.16,REGULAR,1,2021-12-23
347,AAPL211223P00125000,2021-11-19 20:31:55,125.0,0.17,0.15,0.19,REGULAR,1,2021-12-23
348,AAPL211223P00130000,2021-11-19 20:30:16,130.0,0.21,0.21,0.23,REGULAR,1,2021-12-23
349,AAPL211223P00135000,2021-11-19 20:54:51,135.0,0.29,0.28,0.31,REGULAR,1,2021-12-23
350,AAPL211223P00136000,2021-11-19 18:31:11,136.0,0.31,0.3,0.33,REGULAR,1,2021-12-23
351,AAPL211223P00137000,2021-11-19 16:07:04,137.0,0.4,0.32,0.35,REGULAR,1,2021-12-23
352,AAPL211223P00138000,2021-11-19 19:52:10,138.0,0.35,0.35,0.37,REGULAR,1,2021-12-23
353,AAPL211223P00139000,2021-11-19 20:59:45,139.0,0.4,0.37,0.4,REGULAR,1,2021-12-23
354,AAPL211223P00140000,2021-11-19 20:50:01,140.0,0.41,0.4,0.43,REGULAR,1,2021-12-23
355,AAPL211223P00141000,2021-11-19 20:37:55,141.0,0.45,0.44,0.47,REGULAR,1,2021-12-23
356,AAPL211223P00142000,2021-11-19 20:59:18,142.0,0.49,0.48,0.52,REGULAR,1,2021-12-23
357,AAPL211223P00143000,2021-11-19 20:22:18,143.0,0.55,0.52,0.57,REGULAR,1,2021-12-23
358,AAPL211223P00144000,2021-11-19 20:22:18,144.0,0.61,0.58,0.63,REGULAR,1,2021-12-23
359,AAPL211223P00145000,2021-11-19 20:55:49,145.0,0.68,0.65,0.69,REGULAR,1,2021-12-23
360,AAPL211223P00146000,2021-11-19 20:52:35,146.0,0.75,0.73,0.77,REGULAR,1,2021-12-23
361,AAPL211223P00147000,2021-11-19 20:59:18,147.0,0.84,0.81,0.86,REGULAR,1,2021-12-23
362,AAPL211223P00148000,2021-11-19 20:30:05,148.0,0.97,0.92,0.97,REGULAR,1,2021-12-23
363,AAPL211223P00149000,2021-11-19 20:45:20,149.0,1.09,1.04,1.09,REGULAR,1,2021-12-23
364,AAPL211223P00150000,2021-11-19 20:59:18,150.0,1.21,1.18,1.23,REGULAR,1,2021-12-23
365,AAPL211223P00155000,2021-11-19 20:59:53,155.0,2.25,2.24,2.31,REGULAR,1,2021-12-23
366,AAPL211223P00160000,2021-11-19 20:59:21,160.0,4.2,4.1,4.3,REGULAR,1,2021-12-23
388,AAPL211231C00165000,2021-11-19 20:59:41,165.0,3.27,3.2,3.35,REGULAR,0,2021-12-31
389,AAPL211231C00170000,2021-11-19 20:59:22,170.0,1.87,1.81,1.91,REGULAR,0,2021-12-31
390,AAPL211231C00180000,2021-11-19 20:51:47,180.0,0.7,0.61,0.7,REGULAR,0,2021-12-31
391,AAPL211231C00185000,2021-11-19 20:47:41,185.0,0.44,0.41,0.47,REGULAR,0,2021-12-31
392,AAPL211231C00190000,2021-11-19 20:44:27,190.0,0.34,0.25,0.33,REGULAR,0,2021-12-31
393,AAPL211231C00195000,2021-11-19 20:56:04,195.0,0.22,0.2,0.24,REGULAR,0,2021-12-31
394,AAPL211231C00200000,2021-11-19 20:40:00,200.0,0.19,0.15,0.21,REGULAR,0,2021-12-31
395,AAPL211231P00105000,2021-11-18 20:11:46,105.0,0.08,0.02,0.13,REGULAR,1,2021-12-31
396,AAPL211231P00110000,2021-11-19 20:26:54,110.0,0.08,0.06,0.15,REGULAR,1,2021-12-31
397,AAPL211231P00115000,2021-11-19 20:49:31,115.0,0.11,0.08,0.17,REGULAR,1,2021-12-31
398,AAPL211231P00125000,2021-11-19 17:41:41,125.0,0.2,0.17,0.24,REGULAR,1,2021-12-31
399,AAPL211231P00130000,2021-11-19 20:29:28,130.0,0.27,0.24,0.3,REGULAR,1,2021-12-31
400,AAPL211231P00135000,2021-11-19 20:43:45,135.0,0.36,0.35,0.4,REGULAR,1,2021-12-31
401,AAPL211231P00136000,2021-11-19 20:56:57,136.0,0.41,0.36,0.42,REGULAR,1,2021-12-31
402,AAPL211231P00137000,2021-11-19 20:52:09,137.0,0.44,0.39,0.46,REGULAR,1,2021-12-31
403,AAPL211231P00138000,2021-11-19 20:58:24,138.0,0.47,0.42,0.49,REGULAR,1,2021-12-31
404,AAPL211231P00139000,2021-11-19 20:55:14,139.0,0.52,0.46,0.53,REGULAR,1,2021-12-31
405,AAPL211231P00140000,2021-11-19 20:18:53,140.0,0.55,0.52,0.57,REGULAR,1,2021-12-31
406,AAPL211231P00141000,2021-11-19 18:55:33,141.0,0.64,0.56,0.63,REGULAR,1,2021-12-31
407,AAPL211231P00142000,2021-11-19 20:52:00,142.0,0.67,0.62,0.69,REGULAR,1,2021-12-31
408,AAPL211231P00143000,2021-11-19 20:58:46,143.0,0.71,0.68,0.75,REGULAR,1,2021-12-31
409,AAPL211231P00144000,2021-11-19 20:45:38,144.0,0.82,0.75,0.83,REGULAR,1,2021-12-31
410,AAPL211231P00145000,2021-11-19 20:47:14,145.0,0.9,0.84,0.92,REGULAR,1,2021-12-31
411,AAPL211231P00146000,2021-11-19 20:43:02,146.0,0.98,0.94,1.02,REGULAR,1,2021-12-31
412,AAPL211231P00147000,2021-11-19 20:37:12,147.0,1.08,1.07,1.13,REGULAR,1,2021-12-31
413,AAPL211231P00148000,2021-11-19 20:45:38,148.0,1.23,1.16,1.26,REGULAR,1,2021-12-31
414,AAPL211231P00149000,2021-11-19 20:29:26,149.0,1.36,1.3,1.4,REGULAR,1,2021-12-31
415,AAPL211231P00150000,2021-11-19 20:47:14,150.0,1.59,1.48,1.57,REGULAR,1,2021-12-31
416,AAPL211231P00155000,2021-11-19 20:50:02,155.0,2.71,2.61,2.77,REGULAR,1,2021-12-31
417,AAPL211231P00160000,2021-11-19 20:57:36,160.0,4.61,4.55,4.8,REGULAR,1,2021-12-31
493,AAPL220121C00165000,2021-11-19 20:59:53,165.0,4.62,4.55,4.6,REGULAR,0,2022-01-21
494,AAPL220121C00170000,2021-11-19 20:59:59,170.0,3.0,3.0,3.05,REGULAR,0,2022-01-21
495,AAPL220121C00175000,2021-11-19 20:59:54,175.0,1.99,1.93,1.99,REGULAR,0,2022-01-21
496,AAPL220121C00180000,2021-11-19 20:59:59,180.0,1.31,1.28,1.34,REGULAR,0,2022-01-21
497,AAPL220121C00185000,2021-11-19 20:58:54,185.0,0.88,0.84,0.91,REGULAR,0,2022-01-21
498,AAPL220121C00190000,2021-11-19 20:59:53,190.0,0.63,0.59,0.65,REGULAR,0,2022-01-21
499,AAPL220121C00195000,2021-11-19 20:58:56,195.0,0.46,0.43,0.49,REGULAR,0,2022-01-21
500,AAPL220121C00200000,2021-11-19 20:59:37,200.0,0.36,0.33,0.37,REGULAR,0,2022-01-21
501,AAPL220121C00205000,2021-11-19 20:58:17,205.0,0.29,0.26,0.3,REGULAR,0,2022-01-21
502,AAPL220121C00210000,2021-11-19 20:37:41,210.0,0.25,0.2,0.24,REGULAR,0,2022-01-21
503,AAPL220121C00215000,2021-11-19 20:51:19,215.0,0.2,0.16,0.2,REGULAR,0,2022-01-21
504,AAPL220121C00220000,2021-11-19 20:41:24,220.0,0.17,0.14,0.18,REGULAR,0,2022-01-21
505,AAPL220121C00225000,2021-11-19 19:12:12,225.0,0.14,0.12,0.14,REGULAR,0,2022-01-21
506,AAPL220121C00230000,2021-11-19 20:39:47,230.0,0.13,0.12,0.13,REGULAR,0,2022-01-21
507,AAPL220121C00235000,2020-08-27 13:30:11,235.0,277.92,268.15,273.0,REGULAR,0,2022-01-21
508,AAPL220121C00240000,2021-11-19 20:28:00,240.0,0.09,0.06,0.11,REGULAR,0,2022-01-21
509,AAPL220121C00245000,2020-08-27 14:59:18,245.0,266.4,259.1,264.0,REGULAR,0,2022-01-21
510,AAPL220121C00250000,2021-11-19 20:59:22,250.0,0.07,0.05,0.07,REGULAR,0,2022-01-21
511,AAPL220121C00255000,2020-08-27 15:00:31,255.0,256.56,250.55,255.0,REGULAR,0,2022-01-21
512,AAPL220121C00260000,2021-11-19 20:59:35,260.0,0.06,0.05,0.06,REGULAR,0,2022-01-21
513,AAPL220121C00265000,2020-08-25 14:09:14,265.0,238.4,241.75,246.5,REGULAR,0,2022-01-21
514,AAPL220121C00270000,2020-08-28 19:40:18,270.0,240.0,237.15,242.0,REGULAR,0,2022-01-21
515,AAPL220121C00280000,2020-08-28 19:26:12,280.0,233.58,229.15,233.5,REGULAR,0,2022-01-21
516,AAPL220121C00290000,2020-08-26 15:55:22,290.0,226.52,221.0,225.5,REGULAR,0,2022-01-21
517,AAPL220121C00300000,2020-08-28 19:40:41,300.0,219.0,212.55,217.0,REGULAR,0,2022-01-21
518,AAPL220121C00310000,2020-08-27 19:43:42,310.0,208.96,204.65,209.0,REGULAR,0,2022-01-21
519,AAPL220121C00320000,2020-08-28 19:56:35,320.0,199.0,198.0,200.85,REGULAR,0,2022-01-21
520,AAPL220121C00330000,2020-08-28 19:01:41,330.0,192.76,189.5,193.05,REGULAR,0,2022-01-21
521,AAPL220121C00340000,2020-08-28 15:41:56,340.0,186.5,181.95,185.3,REGULAR,0,2022-01-21
522,AAPL220121C00350000,2020-08-28 19:56:50,350.0,175.9,174.65,178.0,REGULAR,0,2022-01-21
523,AAPL220121C00360000,2020-08-28 19:47:33,360.0,175.15,167.5,170.65,REGULAR,0,2022-01-21
524,AAPL220121C00370000,2020-08-28 16:35:03,370.0,166.5,160.55,163.65,REGULAR,0,2022-01-21
525,AAPL220121C00380000,2020-08-27 16:04:42,380.0,159.68,153.85,156.6,REGULAR,0,2022-01-21
526,AAPL220121C00390000,2020-08-27 14:54:22,390.0,149.5,147.2,150.0,REGULAR,0,2022-01-21
527,AAPL220121C00400000,2020-08-28 19:54:47,400.0,142.55,140.9,142.15,REGULAR,0,2022-01-21
528,AAPL220121C00410000,2020-08-27 17:03:07,410.0,135.0,134.8,137.45,REGULAR,0,2022-01-21
529,AAPL220121C00415000,2020-08-24 18:49:41,415.0,135.43,131.8,134.45,REGULAR,0,2022-01-21
530,AAPL220121C00420000,2020-08-27 14:36:08,420.0,132.67,128.9,131.45,REGULAR,0,2022-01-21
531,AAPL220121C00425000,2020-08-26 17:36:00,425.0,130.3,125.9,128.5,REGULAR,0,2022-01-21
532,AAPL220121C00430000,2020-08-26 15:32:19,430.0,126.57,123.2,125.65,REGULAR,0,2022-01-21
533,AAPL220121C00435000,2020-08-26 16:53:19,435.0,125.0,120.4,122.85,REGULAR,0,2022-01-21
534,AAPL220121C00440000,2020-08-28 15:30:58,440.0,119.0,117.7,120.05,REGULAR,0,2022-01-21
535,AAPL220121C00445000,2020-08-25 19:53:46,445.0,118.45,115.0,117.35,REGULAR,0,2022-01-21
536,AAPL220121C00450000,2020-08-28 19:56:22,450.0,114.85,112.4,114.8,REGULAR,0,2022-01-21
537,AAPL220121C00455000,2020-08-27 16:48:16,455.0,111.75,109.8,112.1,REGULAR,0,2022-01-21
538,AAPL220121C00460000,2020-08-28 19:41:06,460.0,112.15,107.3,109.55,REGULAR,0,2022-01-21
539,AAPL220121C00465000,2020-08-28 17:55:11,465.0,106.03,104.85,107.0,REGULAR,0,2022-01-21
540,AAPL220121C00470000,2020-08-28 18:49:17,470.0,105.3,102.45,104.6,REGULAR,0,2022-01-21
541,AAPL220121C00475000,2020-08-26 13:51:18,475.0,103.45,100.05,102.15,REGULAR,0,2022-01-21
542,AAPL220121C00480000,2020-08-28 18:47:00,480.0,100.0,97.75,99.8,REGULAR,0,2022-01-21
543,AAPL220121C00485000,2020-08-28 18:01:50,485.0,97.2,95.5,97.55,REGULAR,0,2022-01-21
544,AAPL220121C00490000,2020-08-28 19:50:57,490.0,97.5,93.3,95.25,REGULAR,0,2022-01-21
545,AAPL220121C00500000,2020-08-28 19:59:59,500.0,90.0,89.95,91.3,REGULAR,0,2022-01-21
546,AAPL220121C00505000,2020-08-28 19:34:20,505.0,89.85,88.1,88.85,REGULAR,0,2022-01-21
547,AAPL220121C00510000,2020-08-28 19:47:04,510.0,89.25,85.0,86.7,REGULAR,0,2022-01-21
548,AAPL220121C00515000,2020-08-28 19:19:47,515.0,85.19,83.0,84.85,REGULAR,0,2022-01-21
549,AAPL220121C00520000,2020-08-28 17:33:12,520.0,81.55,81.1,82.85,REGULAR,0,2022-01-21
550,AAPL220121C00540000,2020-08-28 19:34:12,540.0,75.92,73.85,75.4,REGULAR,0,2022-01-21
551,AAPL220121C00560000,2020-08-28 18:55:59,560.0,1242.44,357.5,362.5,REGULAR,0,2022-01-21
552,AAPL220121C00580000,2020-08-28 19:50:10,580.0,1224.6,352.5,357.5,REGULAR,0,2022-01-21
553,AAPL220121C00600000,2020-08-28 19:57:28,600.0,354.6,348.0,353.0,REGULAR,0,2022-01-21
554,AAPL220121C00620000,2020-08-28 19:55:42,620.0,1216.96,343.0,348.0,REGULAR,0,2022-01-21
555,AAPL220121C00640000,2020-08-28 18:51:40,640.0,1379.36,338.0,343.0,REGULAR,0,2022-01-21
556,AAPL220121C00660000,2020-08-28 19:54:56,660.0,1188.0,333.5,338.5,REGULAR,0,2022-01-21
557,AAPL220121C00680000,2020-08-28 19:14:40,680.0,1113.16,328.5,333.5,REGULAR,0,2022-01-21
558,AAPL220121C00700000,2020-08-28 19:59:58,700.0,37.35,36.15,37.35,REGULAR,0,2022-01-21
559,AAPL220121C00720000,2020-08-28 19:41:41,720.0,1035.4,319.0,324.0,REGULAR,0,2022-01-21
560,AAPL220121C00740000,2020-08-28 19:54:01,740.0,31.98,30.7,31.9,REGULAR,0,2022-01-21
561,AAPL220121C00800000,2020-08-28 19:29:41,800.0,304.0,300.0,305.0,REGULAR,0,2022-01-21
562,AAPL220121C00900000,2020-08-28 19:26:55,900.0,18.13,17.35,18.4,REGULAR,0,2022-01-21
563,AAPL220121C01000000,2020-08-28 19:59:43,1000.0,13.33,13.25,14.05,REGULAR,0,2022-01-21
564,AAPL220121P00025000,2021-10-27 17:37:08,25.0,0.01,0.0,0.01,REGULAR,1,2022-01-21
565,AAPL220121P00027500,2021-11-19 18:08:49,27.5,0.01,0.0,0.01,REGULAR,1,2022-01-21
566,AAPL220121P00028750,2021-10-14 14:15:51,28.75,0.01,0.01,0.02,REGULAR,1,2022-01-21
567,AAPL220121P00030000,2021-11-08 14:51:12,30.0,0.01,0.0,0.02,REGULAR,1,2022-01-21
568,AAPL220121P00031250,2021-10-20 14:17:34,31.25,0.01,0.0,0.17,REGULAR,1,2022-01-21
569,AAPL220121P00032500,2021-10-19 17:59:43,32.5,0.01,0.0,0.17,REGULAR,1,2022-01-21
570,AAPL220121P00033750,2021-10-22 16:31:03,33.75,0.01,0.0,0.02,REGULAR,1,2022-01-21
571,AAPL220121P00035000,2021-10-25 17:17:19,35.0,0.01,0.0,0.06,REGULAR,1,2022-01-21
572,AAPL220121P00036250,2021-10-22 16:30:59,36.25,0.01,0.0,0.01,REGULAR,1,2022-01-21
573,AAPL220121P00037500,2021-11-17 16:31:17,37.5,0.02,0.0,0.01,REGULAR,1,2022-01-21
574,AAPL220121P00038750,2021-09-28 15:33:10,38.75,0.04,0.0,0.04,REGULAR,1,2022-01-21
575,AAPL220121P00040000,2021-11-10 14:30:06,40.0,0.03,0.0,0.05,REGULAR,1,2022-01-21
576,AAPL220121P00041250,2021-11-15 16:00:20,41.25,0.01,0.0,0.21,REGULAR,1,2022-01-21
577,AAPL220121P00042500,2021-10-28 17:16:56,42.5,0.01,0.0,0.21,REGULAR,1,2022-01-21
578,AAPL220121P00043750,2021-11-10 20:50:47,43.75,0.01,0.0,0.14,REGULAR,1,2022-01-21
579,AAPL220121P00045000,2021-11-19 20:03:03,45.0,0.01,0.0,0.01,REGULAR,1,2022-01-21
580,AAPL220121P00046250,2021-11-15 14:58:51,46.25,0.01,0.0,0.22,REGULAR,1,2022-01-21
581,AAPL220121P00047500,2021-11-15 14:59:00,47.5,0.01,0.0,0.22,REGULAR,1,2022-01-21
582,AAPL220121P00048750,2021-11-18 20:48:15,48.75,0.01,0.0,0.23,REGULAR,1,2022-01-21
583,AAPL220121P00050000,2021-11-15 14:59:18,50.0,0.01,0.01,0.23,REGULAR,1,2022-01-21
584,AAPL220121P00051250,2021-09-17 16:55:16,51.25,0.09,0.02,0.05,REGULAR,1,2022-01-21
585,AAPL220121P00052500,2021-10-12 15:02:23,52.5,0.07,0.0,0.03,REGULAR,1,2022-01-21
586,AAPL220121P00053750,2021-11-02 15:03:52,53.75,0.02,0.01,0.04,REGULAR,1,2022-01-21
587,AAPL220121P00055000,2021-11-15 14:58:30,55.0,0.02,0.01,0.09,REGULAR,1,2022-01-21
588,AAPL220121P00056250,2021-11-10 19:43:55,56.25,0.03,0.01,0.18,REGULAR,1,2022-01-21
589,AAPL220121P00057500,2021-11-15 14:59:40,57.5,0.02,0.01,0.23,REGULAR,1,2022-01-21
590,AAPL220121P00058750,2021-11-02 15:18:05,58.75,0.01,0.01,0.2,REGULAR,1,2022-01-21
591,AAPL220121P00060000,2021-11-19 16:23:45,60.0,0.01,0.01,0.1,REGULAR,1,2022-01-21
592,AAPL220121P00061250,2021-11-19 18:15:48,61.25,0.03,0.01,0.22,REGULAR,1,2022-01-21
593,AAPL220121P00062500,2021-11-05 19:59:33,62.5,0.03,0.0,0.2,REGULAR,1,2022-01-21
594,AAPL220121P00063750,2021-11-19 18:16:38,63.75,0.02,0.01,0.04,REGULAR,1,2022-01-21
595,AAPL220121P00065000,2021-11-18 18:57:18,65.0,0.03,0.01,0.14,REGULAR,1,2022-01-21
596,AAPL220121P00066250,2021-11-03 16:48:39,66.25,0.03,0.01,0.05,REGULAR,1,2022-01-21
597,AAPL220121P00067500,2021-11-19 14:52:16,67.5,0.02,0.02,0.05,REGULAR,1,2022-01-21
598,AAPL220121P00070000,2021-11-19 19:06:32,70.0,0.04,0.03,0.13,REGULAR,1,2022-01-21
599,AAPL220121P00072500,2021-11-18 16:02:43,72.5,0.04,0.02,0.06,REGULAR,1,2022-01-21
600,AAPL220121P00075000,2021-11-19 14:52:08,75.0,0.06,0.02,0.07,REGULAR,1,2022-01-21
601,AAPL220121P00077500,2021-11-19 20:40:46,77.5,0.04,0.03,0.07,REGULAR,1,2022-01-21
602,AAPL220121P00080000,2021-11-18 17:28:05,80.0,0.08,0.05,0.08,REGULAR,1,2022-01-21
603,AAPL220121P00082500,2021-11-19 18:37:26,82.5,0.05,0.05,0.07,REGULAR,1,2022-01-21
604,AAPL220121P00085000,2021-11-19 20:36:05,85.0,0.06,0.05,0.07,REGULAR,1,2022-01-21
605,AAPL220121P00087500,2021-11-19 18:16:11,87.5,0.07,0.06,0.08,REGULAR,1,2022-01-21
606,AAPL220121P00090000,2021-11-19 20:15:53,90.0,0.08,0.07,0.09,REGULAR,1,2022-01-21
607,AAPL220121P00092500,2021-11-19 20:32:50,92.5,0.08,0.08,0.1,REGULAR,1,2022-01-21
608,AAPL220121P00095000,2021-11-19 20:35:30,95.0,0.1,0.09,0.11,REGULAR,1,2022-01-21
609,AAPL220121P00097500,2021-11-19 20:45:41,97.5,0.12,0.1,0.13,REGULAR,1,2022-01-21
610,AAPL220121P00100000,2021-11-19 20:53:17,100.0,0.14,0.11,0.14,REGULAR,1,2022-01-21
611,AAPL220121P00102500,2021-11-18 20:59:36,102.5,0.17,0.15,0.16,REGULAR,1,2022-01-21
612,AAPL220121P00103750,2021-11-19 20:24:35,103.75,0.16,0.13,0.17,REGULAR,1,2022-01-21
613,AAPL220121P00105000,2021-11-19 20:46:57,105.0,0.17,0.16,0.18,REGULAR,1,2022-01-21
614,AAPL220121P00106250,2021-11-19 19:41:51,106.25,0.17,0.15,0.19,REGULAR,1,2022-01-21
615,AAPL220121P00107500,2021-11-19 15:06:03,107.5,0.21,0.16,0.19,REGULAR,1,2022-01-21
616,AAPL220121P00108750,2021-11-19 19:40:27,108.75,0.19,0.17,0.21,REGULAR,1,2022-01-21
617,AAPL220121P00110000,2021-11-19 20:47:04,110.0,0.21,0.18,0.22,REGULAR,1,2022-01-21
618,AAPL220121P00111250,2021-11-19 15:28:11,111.25,0.23,0.19,0.23,REGULAR,1,2022-01-21
619,AAPL220121P00112500,2021-11-19 19:12:52,112.5,0.22,0.2,0.23,REGULAR,1,2022-01-21
620,AAPL220121P00113750,2021-11-19 20:30:49,113.75,0.22,0.21,0.24,REGULAR,1,2022-01-21
621,AAPL220121P00115000,2021-11-19 20:25:06,115.0,0.22,0.22,0.25,REGULAR,1,2022-01-21
622,AAPL220121P00116250,2021-11-19 16:40:44,116.25,0.27,0.25,0.26,REGULAR,1,2022-01-21
623,AAPL220121P00117500,2021-11-19 20:29:35,117.5,0.26,0.25,0.27,REGULAR,1,2022-01-21
624,AAPL220121P00118750,2021-11-19 20:52:55,118.75,0.28,0.26,0.29,REGULAR,1,2022-01-21
625,AAPL220121P00120000,2021-11-19 20:40:24,120.0,0.29,0.28,0.3,REGULAR,1,2022-01-21
626,AAPL220121P00121250,2021-11-19 20:08:51,121.25,0.29,0.3,0.32,REGULAR,1,2022-01-21
627,AAPL220121P00122500,2021-11-19 20:39:53,122.5,0.32,0.32,0.34,REGULAR,1,2022-01-21
628,AAPL220121P00125000,2021-11-19 20:59:32,125.0,0.37,0.36,0.38,REGULAR,1,2022-01-21
629,AAPL220121P00126250,2021-11-19 20:43:12,126.25,0.39,0.38,0.4,REGULAR,1,2022-01-21
630,AAPL220121P00127500,2021-11-19 20:48:17,127.5,0.43,0.41,0.43,REGULAR,1,2022-01-21
631,AAPL220121P00128750,2021-11-19 20:58:01,128.75,0.46,0.44,0.46,REGULAR,1,2022-01-21
632,AAPL220121P00130000,2021-11-19 20:56:15,130.0,0.49,0.47,0.5,REGULAR,1,2022-01-21
633,AAPL220121P00135000,2021-11-19 20:56:07,135.0,0.67,0.66,0.68,REGULAR,1,2022-01-21
634,AAPL220121P00140000,2021-11-19 20:59:13,140.0,1.0,0.98,1.01,REGULAR,1,2022-01-21
635,AAPL220121P00145000,2021-11-19 20:59:40,145.0,1.54,1.52,1.56,REGULAR,1,2022-01-21
636,AAPL220121P00150000,2021-11-19 20:59:59,150.0,2.45,2.42,2.46,REGULAR,1,2022-01-21
637,AAPL220121P00155000,2021-11-19 20:57:45,155.0,3.81,3.75,3.9,REGULAR,1,2022-01-21
638,AAPL220121P00160000,2021-11-19 20:59:54,160.0,5.89,5.85,6.0,REGULAR,1,2022-01-21
724,AAPL220218C00165000,2021-11-19 20:59:29,165.0,6.76,6.7,6.85,REGULAR,0,2022-02-18
725,AAPL220218C00170000,2021-11-19 20:59:56,170.0,5.05,5.0,5.1,REGULAR,0,2022-02-18
726,AAPL220218C00175000,2021-11-19 20:57:41,175.0,3.66,3.65,3.8,REGULAR,0,2022-02-18
727,AAPL220218C00180000,2021-11-19 20:58:55,180.0,2.74,2.67,2.79,REGULAR,0,2022-02-18
728,AAPL220218C00185000,2021-11-19 20:59:11,185.0,2.01,1.99,2.06,REGULAR,0,2022-02-18
729,AAPL220218C00190000,2021-11-19 20:59:05,190.0,1.52,1.49,1.55,REGULAR,0,2022-02-18
730,AAPL220218C00195000,2021-11-19 20:52:29,195.0,1.16,1.13,1.19,REGULAR,0,2022-02-18
731,AAPL220218C00200000,2021-11-19 20:49:33,200.0,0.94,0.87,0.93,REGULAR,0,2022-02-18
732,AAPL220218C00205000,2021-11-19 20:51:53,205.0,0.72,0.68,0.73,REGULAR,0,2022-02-18
733,AAPL220218C00210000,2021-11-19 20:45:20,210.0,0.61,0.54,0.59,REGULAR,0,2022-02-18
734,AAPL220218C00215000,2021-11-19 19:07:34,215.0,0.49,0.44,0.49,REGULAR,0,2022-02-18
735,AAPL220218C00220000,2021-11-19 20:46:45,220.0,0.41,0.36,0.41,REGULAR,0,2022-02-18
736,AAPL220218C00225000,2021-11-19 20:19:22,225.0,0.33,0.3,0.35,REGULAR,0,2022-02-18
737,AAPL220218C00230000,2021-11-19 20:21:29,230.0,0.29,0.26,0.3,REGULAR,0,2022-02-18
738,AAPL220218C00235000,2021-11-19 20:09:21,235.0,0.25,0.22,0.26,REGULAR,0,2022-02-18
739,AAPL220218C00240000,2021-11-19 19:49:51,240.0,0.22,0.19,0.23,REGULAR,0,2022-02-18
740,AAPL220218C00245000,2021-11-19 20:23:10,245.0,0.18,0.17,0.2,REGULAR,0,2022-02-18
741,AAPL220218C00250000,2021-11-19 19:26:17,250.0,0.2,0.15,0.18,REGULAR,0,2022-02-18
742,AAPL220218C00255000,2021-11-19 19:37:00,255.0,0.15,0.15,0.16,REGULAR,0,2022-02-18
743,AAPL220218C00260000,2021-11-19 20:54:51,260.0,0.14,0.13,0.15,REGULAR,0,2022-02-18
744,AAPL220218P00070000,2021-11-17 19:17:37,70.0,0.07,0.04,0.06,REGULAR,1,2022-02-18
745,AAPL220218P00075000,2021-11-17 16:33:46,75.0,0.11,0.06,0.1,REGULAR,1,2022-02-18
746,AAPL220218P00080000,2021-11-19 19:51:57,80.0,0.1,0.08,0.12,REGULAR,1,2022-02-18
747,AAPL220218P00085000,2021-11-19 15:41:30,85.0,0.15,0.11,0.15,REGULAR,1,2022-02-18
748,AAPL220218P00090000,2021-11-19 16:15:55,90.0,0.19,0.14,0.18,REGULAR,1,2022-02-18
749,AAPL220218P00095000,2021-11-19 14:32:18,95.0,0.25,0.19,0.22,REGULAR,1,2022-02-18
750,AAPL220218P00100000,2021-11-19 20:58:31,100.0,0.23,0.22,0.27,REGULAR,1,2022-02-18
751,AAPL220218P00105000,2021-11-19 17:52:58,105.0,0.33,0.28,0.33,REGULAR,1,2022-02-18
752,AAPL220218P00110000,2021-11-19 20:57:22,110.0,0.39,0.36,0.4,REGULAR,1,2022-02-18
753,AAPL220218P00115000,2021-11-19 20:41:57,115.0,0.46,0.44,0.5,REGULAR,1,2022-02-18
754,AAPL220218P00120000,2021-11-19 19:11:01,120.0,0.62,0.57,0.62,REGULAR,1,2022-02-18
755,AAPL220218P00125000,2021-11-19 20:36:28,125.0,0.78,0.75,0.81,REGULAR,1,2022-02-18
756,AAPL220218P00130000,2021-11-19 20:59:41,130.0,1.05,1.02,1.09,REGULAR,1,2022-02-18
757,AAPL220218P00135000,2021-11-19 20:59:48,135.0,1.45,1.42,1.5,REGULAR,1,2022-02-18
758,AAPL220218P00140000,2021-11-19 20:59:13,140.0,2.09,2.03,2.14,REGULAR,1,2022-02-18
759,AAPL220218P00145000,2021-11-19 20:59:39,145.0,3.0,2.96,3.05,REGULAR,1,2022-02-18
760,AAPL220218P00150000,2021-11-19 20:41:57,150.0,4.3,4.2,4.35,REGULAR,1,2022-02-18
761,AAPL220218P00155000,2021-11-19 20:59:27,155.0,6.0,5.9,6.1,REGULAR,1,2022-02-18
762,AAPL220218P00160000,2021-11-19 20:48:23,160.0,8.25,8.2,8.35,REGULAR,1,2022-02-18
792,AAPL220318C00165000,2021-11-19 20:59:20,165.0,8.04,8.0,8.15,REGULAR,0,2022-03-18
793,AAPL220318C00170000,2021-11-19 20:55:15,170.0,6.1,6.1,6.3,REGULAR,0,2022-03-18
794,AAPL220318C00175000,2021-11-19 20:59:15,175.0,4.8,4.75,4.85,REGULAR,0,2022-03-18
795,AAPL220318C00180000,2021-11-19 20:59:55,180.0,3.7,3.6,3.75,REGULAR,0,2022-03-18
796,AAPL220318C00185000,2021-11-19 20:57:34,185.0,2.81,2.77,2.87,REGULAR,0,2022-03-18
797,AAPL220318C00190000,2021-11-19 20:50:33,190.0,2.24,2.13,2.23,REGULAR,0,2022-03-18
798,AAPL220318C00195000,2021-11-19 20:44:54,195.0,1.78,1.66,1.73,REGULAR,0,2022-03-18
799,AAPL220318C00200000,2021-11-19 20:52:00,200.0,1.36,1.3,1.38,REGULAR,0,2022-03-18
800,AAPL220318C00205000,2021-11-19 20:13:32,205.0,1.08,1.04,1.11,REGULAR,0,2022-03-18
801,AAPL220318C00210000,2021-11-19 20:54:39,210.0,0.87,0.84,0.91,REGULAR,0,2022-03-18
802,AAPL220318C00215000,2021-11-19 20:44:19,215.0,0.76,0.69,0.76,REGULAR,0,2022-03-18
803,AAPL220318C00220000,2021-11-19 20:44:19,220.0,0.64,0.6,0.64,REGULAR,0,2022-03-18
804,AAPL220318C00230000,2021-11-19 20:46:35,230.0,0.47,0.42,0.47,REGULAR,0,2022-03-18
805,AAPL220318P00070000,2021-11-19 16:42:01,70.0,0.11,0.07,0.11,REGULAR,1,2022-03-18
806,AAPL220318P00075000,2021-11-19 19:31:31,75.0,0.12,0.09,0.14,REGULAR,1,2022-03-18
807,AAPL220318P00080000,2021-11-18 17:41:54,80.0,0.2,0.14,0.17,REGULAR,1,2022-03-18
808,AAPL220318P00085000,2021-11-15 15:32:40,85.0,0.27,0.15,0.2,REGULAR,1,2022-03-18
809,AAPL220318P00090000,2021-11-19 20:31:30,90.0,0.23,0.2,0.25,REGULAR,1,2022-03-18
810,AAPL220318P00095000,2021-11-18 18:48:28,95.0,0.4,0.25,0.3,REGULAR,1,2022-03-18
811,AAPL220318P00100000,2021-11-19 20:52:06,100.0,0.37,0.32,0.37,REGULAR,1,2022-03-18
812,AAPL220318P00105000,2021-11-19 20:31:12,105.0,0.44,0.39,0.46,REGULAR,1,2022-03-18
813,AAPL220318P00110000,2021-11-19 20:48:40,110.0,0.54,0.5,0.56,REGULAR,1,2022-03-18
814,AAPL220318P00115000,2021-11-19 20:06:49,115.0,0.68,0.66,0.72,REGULAR,1,2022-03-18
815,AAPL220318P00120000,2021-11-19 20:59:44,120.0,0.9,0.85,0.92,REGULAR,1,2022-03-18
816,AAPL220318P00125000,2021-11-19 20:40:51,125.0,1.16,1.12,1.2,REGULAR,1,2022-03-18
817,AAPL220318P00130000,2021-11-19 20:52:35,130.0,1.58,1.51,1.59,REGULAR,1,2022-03-18
818,AAPL220318P00135000,2021-11-19 20:36:29,135.0,2.12,2.06,2.16,REGULAR,1,2022-03-18
819,AAPL220318P00140000,2021-11-19 20:47:16,140.0,2.92,2.84,2.95,REGULAR,1,2022-03-18
820,AAPL220318P00145000,2021-11-19 20:58:14,145.0,3.95,3.9,4.0,REGULAR,1,2022-03-18
821,AAPL220318P00150000,2021-11-19 20:58:18,150.0,5.39,5.35,5.45,REGULAR,1,2022-03-18
822,AAPL220318P00155000,2021-11-19 20:59:08,155.0,7.25,7.1,7.3,REGULAR,1,2022-03-18
823,AAPL220318P00160000,2021-11-19 20:59:27,160.0,9.55,9.4,9.65,REGULAR,1,2022-03-18
859,AAPL220414C00165000,2021-11-19 20:59:44,165.0,9.2,9.15,9.3,REGULAR,0,2022-04-14
860,AAPL220414C00170000,2021-11-19 20:59:22,170.0,7.35,7.15,7.4,REGULAR,0,2022-04-14
861,AAPL220414C00175000,2021-11-19 20:55:04,175.0,5.7,5.75,5.85,REGULAR,0,2022-04-14
862,AAPL220414C00180000,2021-11-19 20:54:34,180.0,4.5,4.45,4.65,REGULAR,0,2022-04-14
863,AAPL220414C00185000,2021-11-19 20:20:13,185.0,3.52,3.55,3.65,REGULAR,0,2022-04-14
864,AAPL220414C00190000,2021-11-19 20:47:21,190.0,2.9,2.81,2.9,REGULAR,0,2022-04-14
865,AAPL220414C00195000,2021-11-19 20:57:23,195.0,2.26,2.22,2.32,REGULAR,0,2022-04-14
866,AAPL220414C00200000,2021-11-19 20:49:52,200.0,1.82,1.78,1.87,REGULAR,0,2022-04-14
867,AAPL220414C00205000,2021-11-19 19:57:54,205.0,1.5,1.44,1.53,REGULAR,0,2022-04-14
868,AAPL220414C00210000,2021-11-19 20:29:25,210.0,1.23,1.18,1.26,REGULAR,0,2022-04-14
869,AAPL220414C00215000,2021-11-19 20:17:41,215.0,1.01,0.98,1.06,REGULAR,0,2022-04-14
870,AAPL220414C00220000,2021-11-19 20:16:26,220.0,0.9,0.85,0.9,REGULAR,0,2022-04-14
871,AAPL220414C00225000,2021-11-19 16:14:11,225.0,0.78,0.7,0.77,REGULAR,0,2022-04-14
872,AAPL220414C00230000,2021-11-19 19:53:23,230.0,0.65,0.6,0.66,REGULAR,0,2022-04-14
873,AAPL220414C00235000,2021-11-19 15:26:29,235.0,0.55,0.52,0.58,REGULAR,0,2022-04-14
874,AAPL220414C00240000,2021-11-19 17:21:07,240.0,0.5,0.46,0.51,REGULAR,0,2022-04-14
875,AAPL220414C00245000,2021-11-19 19:37:43,245.0,0.45,0.43,0.46,REGULAR,0,2022-04-14
876,AAPL220414C00250000,2021-11-19 20:56:47,250.0,0.4,0.38,0.41,REGULAR,0,2022-04-14
877,AAPL220414P00050000,2021-11-18 14:30:02,50.0,0.07,0.03,0.11,REGULAR,1,2022-04-14
878,AAPL220414P00055000,2021-10-11 17:14:53,55.0,0.2,0.05,0.09,REGULAR,1,2022-04-14
879,AAPL220414P00060000,2021-11-18 18:03:22,60.0,0.11,0.05,0.09,REGULAR,1,2022-04-14
880,AAPL220414P00065000,2021-11-12 18:37:05,65.0,0.14,0.1,0.11,REGULAR,1,2022-04-14
881,AAPL220414P00070000,2021-11-18 20:40:20,70.0,0.17,0.11,0.14,REGULAR,1,2022-04-14
882,AAPL220414P00075000,2021-11-18 15:16:33,75.0,0.23,0.12,0.18,REGULAR,1,2022-04-14
883,AAPL220414P00080000,2021-11-19 18:19:58,80.0,0.21,0.19,0.22,REGULAR,1,2022-04-14
884,AAPL220414P00085000,2021-11-18 18:31:46,85.0,0.35,0.21,0.27,REGULAR,1,2022-04-14
885,AAPL220414P00090000,2021-11-19 19:31:25,90.0,0.32,0.28,0.34,REGULAR,1,2022-04-14
886,AAPL220414P00095000,2021-11-09 15:47:48,95.0,0.58,0.35,0.42,REGULAR,1,2022-04-14
887,AAPL220414P00100000,2021-11-19 19:39:56,100.0,0.49,0.46,0.51,REGULAR,1,2022-04-14
888,AAPL220414P00105000,2021-11-19 20:30:08,105.0,0.62,0.58,0.64,REGULAR,1,2022-04-14
889,AAPL220414P00110000,2021-11-19 17:43:52,110.0,0.83,0.72,0.79,REGULAR,1,2022-04-14
890,AAPL220414P00115000,2021-11-19 20:44:14,115.0,0.96,0.92,0.99,REGULAR,1,2022-04-14
891,AAPL220414P00120000,2021-11-19 20:57:45,120.0,1.25,1.19,1.27,REGULAR,1,2022-04-14
892,AAPL220414P00125000,2021-11-19 20:46:35,125.0,1.6,1.55,1.63,REGULAR,1,2022-04-14
893,AAPL220414P00130000,2021-11-19 20:55:38,130.0,2.09,2.05,2.14,REGULAR,1,2022-04-14
894,AAPL220414P00135000,2021-11-19 20:52:59,135.0,2.83,2.72,2.83,REGULAR,1,2022-04-14
895,AAPL220414P00140000,2021-11-19 20:42:46,140.0,3.66,3.6,3.75,REGULAR,1,2022-04-14
896,AAPL220414P00145000,2021-11-19 20:59:41,145.0,4.85,4.8,4.95,REGULAR,1,2022-04-14
897,AAPL220414P00150000,2021-11-19 20:46:35,150.0,6.47,6.3,6.5,REGULAR,1,2022-04-14
898,AAPL220414P00155000,2021-11-19 20:43:02,155.0,8.2,8.25,8.45,REGULAR,1,2022-04-14
899,AAPL220414P00160000,2021-11-19 20:50:57,160.0,10.69,10.55,10.75,REGULAR,1,2022-04-14
933,AAPL220520C00165000,2021-11-19 20:57:59,165.0,10.9,10.7,11.0,REGULAR,0,2022-05-20
934,AAPL220520C00170000,2021-11-19 20:57:50,170.0,8.9,8.8,9.05,REGULAR,0,2022-05-20
935,AAPL220520C00175000,2021-11-19 20:58:56,175.0,7.32,7.2,7.45,REGULAR,0,2022-05-20
936,AAPL220520C00180000,2021-11-19 20:23:22,180.0,5.89,5.85,6.1,REGULAR,0,2022-05-20
937,AAPL220520C00185000,2021-11-19 19:22:05,185.0,5.01,4.85,4.95,REGULAR,0,2022-05-20
938,AAPL220520C00190000,2021-11-19 20:39:47,190.0,4.05,3.95,4.05,REGULAR,0,2022-05-20
939,AAPL220520C00195000,2021-11-19 20:53:02,195.0,3.25,3.2,3.35,REGULAR,0,2022-05-20
940,AAPL220520C00200000,2021-11-19 20:52:39,200.0,2.69,2.64,2.8,REGULAR,0,2022-05-20
941,AAPL220520C00210000,2021-11-19 20:21:00,210.0,1.87,1.84,1.91,REGULAR,0,2022-05-20
942,AAPL220520C00220000,2021-11-19 20:37:46,220.0,1.38,1.31,1.38,REGULAR,0,2022-05-20
943,AAPL220520P00075000,2021-11-19 15:09:25,75.0,0.3,0.24,0.27,REGULAR,1,2022-05-20
944,AAPL220520P00080000,2021-11-19 16:24:45,80.0,0.34,0.31,0.32,REGULAR,1,2022-05-20
945,AAPL220520P00085000,2021-11-09 20:19:48,85.0,0.49,0.39,0.43,REGULAR,1,2022-05-20
946,AAPL220520P00090000,2021-11-18 17:57:19,90.0,0.64,0.48,0.53,REGULAR,1,2022-05-20
947,AAPL220520P00095000,2021-11-15 20:09:11,95.0,0.79,0.59,0.65,REGULAR,1,2022-05-20
948,AAPL220520P00100000,2021-11-19 15:09:00,100.0,0.92,0.72,0.8,REGULAR,1,2022-05-20
949,AAPL220520P00105000,2021-11-18 19:27:01,105.0,1.17,0.9,0.98,REGULAR,1,2022-05-20
950,AAPL220520P00110000,2021-11-19 20:49:35,110.0,1.17,1.13,1.21,REGULAR,1,2022-05-20
951,AAPL220520P00115000,2021-11-19 20:14:04,115.0,1.49,1.42,1.51,REGULAR,1,2022-05-20
952,AAPL220520P00120000,2021-11-19 16:06:01,120.0,2.02,1.81,1.89,REGULAR,1,2022-05-20
953,AAPL220520P00125000,2021-11-19 19:01:00,125.0,2.39,2.31,2.39,REGULAR,1,2022-05-20
954,AAPL220520P00130000,2021-11-19 20:48:27,130.0,3.0,2.96,3.1,REGULAR,1,2022-05-20
955,AAPL220520P00135000,2021-11-19 20:52:44,135.0,3.9,3.8,3.95,REGULAR,1,2022-05-20
956,AAPL220520P00140000,2021-11-19 20:47:32,140.0,4.95,4.9,5.05,REGULAR,1,2022-05-20
957,AAPL220520P00145000,2021-11-19 19:11:08,145.0,6.35,6.25,6.4,REGULAR,1,2022-05-20
958,AAPL220520P00150000,2021-11-19 20:40:40,150.0,7.9,7.9,8.15,REGULAR,1,2022-05-20
959,AAPL220520P00155000,2021-11-19 20:39:23,155.0,9.91,9.9,10.1,REGULAR,1,2022-05-20
960,AAPL220520P00160000,2021-11-19 20:52:03,160.0,12.5,12.25,12.5,REGULAR,1,2022-05-20
1028,AAPL220617C00165000,2021-11-19 20:57:23,165.0,11.77,11.7,12.0,REGULAR,0,2022-06-17
1029,AAPL220617C00170000,2021-11-19 20:53:03,170.0,9.85,9.75,10.1,REGULAR,0,2022-06-17
1030,AAPL220617C00175000,2021-11-19 20:59:27,175.0,8.3,8.15,8.4,REGULAR,0,2022-06-17
1031,AAPL220617C00180000,2021-11-19 20:58:46,180.0,6.8,6.75,7.05,REGULAR,0,2022-06-17
1032,AAPL220617C00185000,2021-11-19 20:59:09,185.0,5.73,5.65,5.8,REGULAR,0,2022-06-17
1033,AAPL220617C00190000,2021-11-19 20:57:22,190.0,4.7,4.7,4.85,REGULAR,0,2022-06-17
1034,AAPL220617C00195000,2021-11-19 20:14:10,195.0,3.93,3.9,4.05,REGULAR,0,2022-06-17
1035,AAPL220617C00200000,2021-11-19 20:53:40,200.0,3.28,3.25,3.35,REGULAR,0,2022-06-17
1036,AAPL220617C00210000,2021-11-19 20:41:45,210.0,2.4,2.29,2.43,REGULAR,0,2022-06-17
1037,AAPL220617C00220000,2021-11-19 20:13:12,220.0,1.68,1.68,1.74,REGULAR,0,2022-06-17
1038,AAPL220617C00225000,2021-11-19 19:54:55,225.0,1.49,1.45,1.53,REGULAR,0,2022-06-17
1039,AAPL220617C00230000,2021-11-19 19:38:23,230.0,1.3,1.25,1.32,REGULAR,0,2022-06-17
1040,AAPL220617C00240000,2021-11-19 19:31:36,240.0,1.01,0.95,1.03,REGULAR,0,2022-06-17
1041,AAPL220617C00250000,2021-11-19 20:54:06,250.0,0.8,0.78,0.83,REGULAR,0,2022-06-17
1042,AAPL220617C00255000,2020-08-27 17:58:54,255.0,257.8,253.5,258.0,REGULAR,0,2022-06-17
1043,AAPL220617C00260000,2021-11-19 20:57:55,260.0,0.66,0.66,0.68,REGULAR,0,2022-06-17
1044,AAPL220617C00270000,2020-08-28 15:51:35,270.0,246.07,241.0,245.5,REGULAR,0,2022-06-17
1045,AAPL220617C00280000,2020-08-28 15:04:07,280.0,236.38,232.9,237.0,REGULAR,0,2022-06-17
1046,AAPL220617C00290000,2020-08-28 13:30:01,290.0,231.3,224.9,229.0,REGULAR,0,2022-06-17
1047,AAPL220617C00300000,2020-08-28 18:41:42,300.0,220.0,217.1,221.5,REGULAR,0,2022-06-17
1048,AAPL220617C00310000,2020-08-26 15:00:18,310.0,211.07,209.45,213.5,REGULAR,0,2022-06-17
1049,AAPL220617C00320000,2020-08-28 18:58:07,320.0,204.68,202.0,206.0,REGULAR,0,2022-06-17
1050,AAPL220617C00330000,2020-08-28 19:42:20,330.0,202.0,194.7,199.0,REGULAR,0,2022-06-17
1051,AAPL220617C00340000,2020-08-28 17:33:28,340.0,188.32,187.6,191.85,REGULAR,0,2022-06-17
1052,AAPL220617C00350000,2020-08-28 19:41:41,350.0,187.0,180.7,184.8,REGULAR,0,2022-06-17
1053,AAPL220617C00360000,2020-08-28 18:09:03,360.0,177.0,174.5,177.95,REGULAR,0,2022-06-17
1054,AAPL220617C00370000,2020-08-28 16:42:47,370.0,170.65,167.4,171.3,REGULAR,0,2022-06-17
1055,AAPL220617C00380000,2020-08-27 17:26:00,380.0,164.0,161.05,164.8,REGULAR,0,2022-06-17
1056,AAPL220617C00390000,2020-08-28 16:21:58,390.0,158.75,154.95,158.55,REGULAR,0,2022-06-17
1057,AAPL220617C00400000,2020-08-28 19:21:54,400.0,152.65,148.9,152.45,REGULAR,0,2022-06-17
1058,AAPL220617C00410000,2020-08-25 16:27:49,410.0,148.0,143.15,146.6,REGULAR,0,2022-06-17
1059,AAPL220617C00415000,2020-08-20 19:03:08,415.0,116.47,140.3,143.7,REGULAR,0,2022-06-17
1060,AAPL220617C00420000,2020-08-28 16:16:29,420.0,141.01,137.55,140.9,REGULAR,0,2022-06-17
1061,AAPL220617C00425000,2020-08-26 19:07:42,425.0,139.45,134.85,138.15,REGULAR,0,2022-06-17
1062,AAPL220617C00430000,2020-08-27 15:52:35,430.0,138.39,132.15,135.4,REGULAR,0,2022-06-17
1063,AAPL220617C00435000,2020-08-24 19:34:58,435.0,132.84,129.55,132.75,REGULAR,0,2022-06-17
1064,AAPL220617C00440000,2020-08-28 19:40:12,440.0,131.0,126.95,130.1,REGULAR,0,2022-06-17
1065,AAPL220617C00445000,2020-08-25 16:32:47,445.0,121.26,124.45,127.55,REGULAR,0,2022-06-17
1066,AAPL220617C00450000,2020-08-28 19:54:56,450.0,123.75,121.95,125.0,REGULAR,0,2022-06-17
1067,AAPL220617C00455000,2020-08-27 19:46:10,455.0,122.5,119.5,122.55,REGULAR,0,2022-06-17
1068,AAPL220617C00460000,2020-08-28 17:59:15,460.0,387.53,382.0,387.0,REGULAR,0,2022-06-17
1069,AAPL220617C00465000,2020-08-27 13:30:06,465.0,121.95,114.85,117.65,REGULAR,0,2022-06-17
1070,AAPL220617C00470000,2020-08-28 14:36:16,470.0,115.85,112.55,115.35,REGULAR,0,2022-06-17
1071,AAPL220617C00475000,2020-08-28 16:03:30,475.0,114.07,110.25,113.05,REGULAR,0,2022-06-17
1072,AAPL220617C00480000,2020-08-28 19:12:58,480.0,1292.0,377.0,382.0,REGULAR,0,2022-06-17
1073,AAPL220617C00485000,2020-08-28 19:14:09,485.0,109.9,106.05,108.75,REGULAR,0,2022-06-17
1074,AAPL220617C00490000,2020-08-27 19:57:07,490.0,108.37,103.8,106.45,REGULAR,0,2022-06-17
1075,AAPL220617C00500000,2020-08-28 15:49:28,500.0,1308.0,372.0,377.0,REGULAR,0,2022-06-17
1076,AAPL220617C00520000,2020-08-28 17:32:31,520.0,963.0,367.5,372.5,REGULAR,0,2022-06-17
1077,AAPL220617C00540000,2020-08-28 18:59:22,540.0,1474.6,362.5,367.5,REGULAR,0,2022-06-17
1078,AAPL220617C00560000,2020-08-28 16:24:24,560.0,1228.44,357.5,362.5,REGULAR,0,2022-06-17
1079,AAPL220617C00580000,2020-08-28 19:09:14,580.0,1214.24,352.5,357.5,REGULAR,0,2022-06-17
1080,AAPL220617C00600000,2020-08-27 19:56:51,600.0,1400.0,348.0,353.0,REGULAR,0,2022-06-17
1081,AAPL220617C00620000,2020-08-26 17:43:25,620.0,1156.0,343.0,348.0,REGULAR,0,2022-06-17
1082,AAPL220617C00640000,2020-08-28 17:30:17,640.0,1367.6,338.5,343.5,REGULAR,0,2022-06-17
1083,AAPL220617C00660000,2020-08-28 13:30:46,660.0,1120.0,333.5,338.5,REGULAR,0,2022-06-17
1084,AAPL220617C00680000,2020-08-27 16:59:15,680.0,333.83,329.0,334.0,REGULAR,0,2022-06-17
1085,AAPL220617C00700000,2020-08-28 19:12:54,700.0,1125.0,324.0,329.0,REGULAR,0,2022-06-17
1086,AAPL220617C00720000,2020-08-28 16:29:09,720.0,1106.8,319.5,324.5,REGULAR,0,2022-06-17
1087,AAPL220617C00740000,2020-08-28 17:46:32,740.0,932.0,315.0,320.0,REGULAR,0,2022-06-17
1088,AAPL220617C01000000,2020-08-28 19:48:09,1000.0,20.31,18.85,20.15,REGULAR,0,2022-06-17
1089,AAPL220617P00028750,2021-11-17 16:04:16,28.75,0.01,0.0,0.04,REGULAR,1,2022-06-17
1090,AAPL220617P00030000,2021-11-17 16:04:59,30.0,0.02,0.02,0.05,REGULAR,1,2022-06-17
1091,AAPL220617P00031250,2021-09-30 16:31:35,31.25,0.09,0.02,0.06,REGULAR,1,2022-06-17
1092,AAPL220617P00032500,2021-11-04 18:35:55,32.5,0.02,0.02,0.07,REGULAR,1,2022-06-17
1093,AAPL220617P00033750,2021-10-07 13:58:06,33.75,0.09,0.0,0.07,REGULAR,1,2022-06-17
1094,AAPL220617P00035000,2021-11-18 15:12:53,35.0,0.07,0.0,0.07,REGULAR,1,2022-06-17
1095,AAPL220617P00036250,2021-10-07 13:57:47,36.25,0.12,0.0,0.08,REGULAR,1,2022-06-17
1096,AAPL220617P00037500,2021-11-19 17:25:13,37.5,0.04,0.01,0.08,REGULAR,1,2022-06-17
1097,AAPL220617P00038750,2021-11-04 18:36:31,38.75,0.05,0.02,0.09,REGULAR,1,2022-06-17
1098,AAPL220617P00040000,2021-11-10 19:09:51,40.0,0.06,0.01,0.1,REGULAR,1,2022-06-17
1099,AAPL220617P00041250,2021-10-01 19:04:57,41.25,0.19,0.03,0.09,REGULAR,1,2022-06-17
1100,AAPL220617P00042500,2021-11-19 16:03:44,42.5,0.07,0.0,0.07,REGULAR,1,2022-06-17
1101,AAPL220617P00043750,2021-11-19 19:41:42,43.75,0.05,0.01,0.07,REGULAR,1,2022-06-17
1102,AAPL220617P00045000,2021-11-01 14:23:12,45.0,0.11,0.01,0.07,REGULAR,1,2022-06-17
1103,AAPL220617P00046250,2021-09-21 19:31:40,46.25,0.27,0.08,0.17,REGULAR,1,2022-06-17
1104,AAPL220617P00047500,2021-11-16 14:46:31,47.5,0.08,0.02,0.08,REGULAR,1,2022-06-17
1105,AAPL220617P00048750,2021-11-10 14:30:02,48.75,0.13,0.03,0.09,REGULAR,1,2022-06-17
1106,AAPL220617P00050000,2021-11-19 20:28:21,50.0,0.06,0.06,0.09,REGULAR,1,2022-06-17
1107,AAPL220617P00052500,2021-11-16 14:51:32,52.5,0.12,0.05,0.11,REGULAR,1,2022-06-17
1108,AAPL220617P00055000,2021-11-03 15:41:13,55.0,0.16,0.07,0.13,REGULAR,1,2022-06-17
1109,AAPL220617P00057500,2021-11-18 20:49:36,57.5,0.16,0.09,0.15,REGULAR,1,2022-06-17
1110,AAPL220617P00060000,2021-11-18 20:59:29,60.0,0.2,0.14,0.17,REGULAR,1,2022-06-17
1111,AAPL220617P00062500,2021-11-19 15:55:40,62.5,0.2,0.13,0.2,REGULAR,1,2022-06-17
1112,AAPL220617P00063750,2021-11-19 20:13:38,63.75,0.18,0.15,0.21,REGULAR,1,2022-06-17
1113,AAPL220617P00065000,2021-11-09 17:20:09,65.0,0.29,0.16,0.22,REGULAR,1,2022-06-17
1114,AAPL220617P00067500,2021-11-04 17:09:26,67.5,0.3,0.19,0.26,REGULAR,1,2022-06-17
1115,AAPL220617P00070000,2021-11-19 17:20:23,70.0,0.3,0.25,0.29,REGULAR,1,2022-06-17
1116,AAPL220617P00072500,2021-11-10 18:50:12,72.5,0.41,0.26,0.32,REGULAR,1,2022-06-17
1117,AAPL220617P00075000,2021-11-05 16:23:14,75.0,0.43,0.29,0.36,REGULAR,1,2022-06-17
1118,AAPL220617P00077500,2021-11-18 17:43:00,77.5,0.45,0.34,0.41,REGULAR,1,2022-06-17
1119,AAPL220617P00080000,2021-11-19 19:53:22,80.0,0.43,0.39,0.45,REGULAR,1,2022-06-17
1120,AAPL220617P00082500,2021-11-19 16:55:01,82.5,0.51,0.43,0.5,REGULAR,1,2022-06-17
1121,AAPL220617P00085000,2021-11-19 16:55:01,85.0,0.55,0.49,0.56,REGULAR,1,2022-06-17
1122,AAPL220617P00087500,2021-11-17 18:55:50,87.5,0.71,0.55,0.62,REGULAR,1,2022-06-17
1123,AAPL220617P00090000,2021-11-19 18:31:25,90.0,0.68,0.61,0.68,REGULAR,1,2022-06-17
1124,AAPL220617P00092500,2021-11-19 15:06:28,92.5,0.83,0.68,0.75,REGULAR,1,2022-06-17
1125,AAPL220617P00095000,2021-11-19 16:57:04,95.0,0.83,0.75,0.83,REGULAR,1,2022-06-17
1126,AAPL220617P00097500,2021-11-19 16:57:04,97.5,0.93,0.83,0.92,REGULAR,1,2022-06-17
1127,AAPL220617P00100000,2021-11-19 20:51:27,100.0,1.0,0.93,1.01,REGULAR,1,2022-06-17
1128,AAPL220617P00102500,2021-11-18 19:28:28,102.5,1.3,1.03,1.12,REGULAR,1,2022-06-17
1129,AAPL220617P00103750,2021-11-04 16:32:09,103.75,1.43,1.09,1.18,REGULAR,1,2022-06-17
1130,AAPL220617P00105000,2021-11-19 18:53:34,105.0,1.24,1.15,1.24,REGULAR,1,2022-06-17
1131,AAPL220617P00106250,2021-11-10 17:20:50,106.25,1.83,1.22,1.3,REGULAR,1,2022-06-17
1132,AAPL220617P00107500,2021-11-10 20:13:00,107.5,2.01,1.28,1.37,REGULAR,1,2022-06-17
1133,AAPL220617P00108750,2021-11-19 16:36:24,108.75,1.48,1.36,1.44,REGULAR,1,2022-06-17
1134,AAPL220617P00110000,2021-11-19 19:41:53,110.0,1.47,1.43,1.51,REGULAR,1,2022-06-17
1135,AAPL220617P00111250,2021-11-19 20:17:58,111.25,1.56,1.51,1.59,REGULAR,1,2022-06-17
1136,AAPL220617P00112500,2021-11-17 20:57:17,112.5,2.0,1.6,1.67,REGULAR,1,2022-06-17
1137,AAPL220617P00113750,2021-11-16 15:50:36,113.75,2.29,1.69,1.76,REGULAR,1,2022-06-17
1138,AAPL220617P00115000,2021-11-19 17:52:58,115.0,1.95,1.79,1.86,REGULAR,1,2022-06-17
1139,AAPL220617P00116250,2021-11-19 16:14:53,116.25,2.07,1.89,1.96,REGULAR,1,2022-06-17
1140,AAPL220617P00117500,2021-11-19 16:57:13,117.5,2.15,2.0,2.07,REGULAR,1,2022-06-17
1141,AAPL220617P00118750,2021-11-19 17:10:54,118.75,2.26,2.11,2.18,REGULAR,1,2022-06-17
1142,AAPL220617P00120000,2021-11-19 20:11:30,120.0,2.27,2.24,2.31,REGULAR,1,2022-06-17
1143,AAPL220617P00121250,2021-11-19 15:32:06,121.25,2.66,2.37,2.44,REGULAR,1,2022-06-17
1144,AAPL220617P00122500,2021-11-19 20:12:07,122.5,2.56,2.51,2.59,REGULAR,1,2022-06-17
1145,AAPL220617P00125000,2021-11-19 20:44:49,125.0,2.85,2.81,2.9,REGULAR,1,2022-06-17
1146,AAPL220617P00130000,2021-11-19 20:58:32,130.0,3.6,3.55,3.65,REGULAR,1,2022-06-17
1147,AAPL220617P00135000,2021-11-19 20:57:50,135.0,4.57,4.45,4.6,REGULAR,1,2022-06-17
1148,AAPL220617P00140000,2021-11-19 20:47:32,140.0,5.69,5.65,5.8,REGULAR,1,2022-06-17
1149,AAPL220617P00145000,2021-11-19 20:54:43,145.0,7.15,7.05,7.25,REGULAR,1,2022-06-17
1150,AAPL220617P00150000,2021-11-19 20:58:40,150.0,8.9,8.8,8.95,REGULAR,1,2022-06-17
1151,AAPL220617P00155000,2021-11-19 20:54:30,155.0,11.05,10.85,11.05,REGULAR,1,2022-06-17
1152,AAPL220617P00160000,2021-11-19 20:56:14,160.0,13.4,13.2,13.55,REGULAR,1,2022-06-17
1259,AAPL220916C00165000,2021-11-19 20:52:04,165.0,14.92,14.85,15.1,REGULAR,0,2022-09-16
1260,AAPL220916C00170000,2021-11-19 20:48:37,170.0,13.0,12.75,13.1,REGULAR,0,2022-09-16
1261,AAPL220916C00175000,2021-11-19 20:59:18,175.0,11.25,11.0,11.35,REGULAR,0,2022-09-16
1262,AAPL220916C00180000,2021-11-19 20:21:11,180.0,9.53,9.5,9.85,REGULAR,0,2022-09-16
1263,AAPL220916C00185000,2021-11-19 20:42:41,185.0,8.5,8.25,8.5,REGULAR,0,2022-09-16
1264,AAPL220916C00190000,2021-11-19 20:59:18,190.0,7.2,7.15,7.35,REGULAR,0,2022-09-16
1265,AAPL220916C00195000,2021-11-19 20:48:54,195.0,6.25,6.15,6.35,REGULAR,0,2022-09-16
1266,AAPL220916C00200000,2021-11-19 20:57:32,200.0,5.35,5.3,5.45,REGULAR,0,2022-09-16
1267,AAPL220916C00210000,2021-11-19 20:41:27,210.0,4.13,3.95,4.1,REGULAR,0,2022-09-16
1268,AAPL220916C00220000,2021-11-19 19:25:51,220.0,3.07,3.0,3.15,REGULAR,0,2022-09-16
1269,AAPL220916C00225000,2021-11-19 20:49:13,225.0,2.73,2.64,2.75,REGULAR,0,2022-09-16
1270,AAPL220916C00230000,2021-11-19 20:12:35,230.0,2.38,2.32,2.42,REGULAR,0,2022-09-16
1271,AAPL220916C00240000,2021-11-19 20:43:46,240.0,1.92,1.81,1.91,REGULAR,0,2022-09-16
1272,AAPL220916C00250000,2021-11-19 20:45:45,250.0,1.56,1.5,1.55,REGULAR,0,2022-09-16
1273,AAPL220916C00260000,2021-11-19 20:56:14,260.0,1.23,1.23,1.28,REGULAR,0,2022-09-16
1274,AAPL220916C00270000,2020-08-27 14:10:43,270.0,250.0,243.35,247.5,REGULAR,0,2022-09-16
1275,AAPL220916C00280000,2020-08-27 19:58:42,280.0,238.0,235.45,239.5,REGULAR,0,2022-09-16
1276,AAPL220916C00290000,2020-08-28 17:51:01,290.0,230.57,227.45,232.0,REGULAR,0,2022-09-16
1277,AAPL220916C00300000,2020-08-28 19:11:26,300.0,224.74,219.95,224.5,REGULAR,0,2022-09-16
1278,AAPL220916C00305000,2020-08-24 14:05:41,305.0,218.0,216.15,220.5,REGULAR,0,2022-09-16
1279,AAPL220916C00310000,2020-08-28 18:00:15,310.0,215.66,212.75,217.0,REGULAR,0,2022-09-16
1280,AAPL220916C00315000,2020-08-24 13:47:53,315.0,219.4,209.1,213.5,REGULAR,0,2022-09-16
1281,AAPL220916C00320000,2020-08-28 17:30:21,320.0,208.0,205.3,209.5,REGULAR,0,2022-09-16
1282,AAPL220916C00325000,2020-08-27 13:33:46,325.0,210.4,202.0,206.0,REGULAR,0,2022-09-16
1283,AAPL220916C00330000,2020-08-28 19:11:26,330.0,202.86,201.0,203.45,REGULAR,0,2022-09-16
1284,AAPL220916C00335000,2020-08-25 15:27:46,335.0,195.0,194.8,199.0,REGULAR,0,2022-09-16
1285,AAPL220916C00340000,2020-08-28 17:43:52,340.0,196.5,191.4,195.5,REGULAR,0,2022-09-16
1286,AAPL220916C00345000,2020-08-25 14:07:38,345.0,186.52,188.05,192.5,REGULAR,0,2022-09-16
1287,AAPL220916C00350000,2020-08-27 17:27:34,350.0,188.15,184.85,189.0,REGULAR,0,2022-09-16
1288,AAPL220916C00360000,2020-08-28 19:12:38,360.0,182.7,178.35,182.5,REGULAR,0,2022-09-16
1289,AAPL220916C00370000,2020-08-28 16:56:36,370.0,177.0,172.05,176.5,REGULAR,0,2022-09-16
1290,AAPL220916C00380000,2020-08-28 19:00:57,380.0,169.34,165.95,170.0,REGULAR,0,2022-09-16
1291,AAPL220916C00390000,2020-08-28 14:36:10,390.0,163.9,160.2,164.0,REGULAR,0,2022-09-16
1292,AAPL220916C00400000,2020-08-28 19:44:42,400.0,157.0,157.0,158.5,REGULAR,0,2022-09-16
1293,AAPL220916C00410000,2020-08-28 17:33:32,410.0,150.44,150.15,152.85,REGULAR,0,2022-09-16
1294,AAPL220916C00420000,2020-08-28 19:46:20,420.0,149.34,143.35,146.35,REGULAR,0,2022-09-16
1295,AAPL220916C00430000,2020-08-28 19:53:24,430.0,143.8,138.6,141.15,REGULAR,0,2022-09-16
1296,AAPL220916C00440000,2020-08-28 18:38:18,440.0,137.44,133.25,137.0,REGULAR,0,2022-09-16
1297,AAPL220916C00450000,2020-08-28 19:40:28,450.0,132.8,128.45,132.0,REGULAR,0,2022-09-16
1298,AAPL220916C00460000,2020-08-28 15:57:39,460.0,128.25,123.95,127.3,REGULAR,0,2022-09-16
1299,AAPL220916C00470000,2020-08-28 18:13:46,470.0,122.5,120.7,122.7,REGULAR,0,2022-09-16
1300,AAPL220916C00480000,2020-08-28 17:33:20,480.0,118.8,115.2,118.4,REGULAR,0,2022-09-16
1301,AAPL220916C00490000,2020-08-28 18:55:32,490.0,114.0,111.05,114.15,REGULAR,0,2022-09-16
1302,AAPL220916C00500000,2020-08-28 19:59:59,500.0,108.5,107.85,110.4,REGULAR,0,2022-09-16
1303,AAPL220916C00520000,2020-08-28 19:58:09,520.0,101.43,100.0,102.45,REGULAR,0,2022-09-16
1304,AAPL220916C00540000,2020-08-28 18:19:52,540.0,95.17,92.65,95.45,REGULAR,0,2022-09-16
1305,AAPL220916C00560000,2020-08-28 19:56:36,560.0,88.4,86.15,88.9,REGULAR,0,2022-09-16
1306,AAPL220916C00580000,2020-08-28 19:54:42,580.0,79.25,80.4,83.1,REGULAR,0,2022-09-16
1307,AAPL220916C00600000,2020-08-28 19:59:03,600.0,76.55,75.0,77.45,REGULAR,0,2022-09-16
1308,AAPL220916C00620000,2020-08-28 19:51:45,620.0,73.7,70.05,72.55,REGULAR,0,2022-09-16
1309,AAPL220916C00640000,2020-08-28 19:08:40,640.0,1386.0,339.15,344.0,REGULAR,0,2022-09-16
1310,AAPL220916C00660000,2020-08-28 19:46:18,660.0,1200.0,334.5,339.0,REGULAR,0,2022-09-16
1311,AAPL220916C00680000,2020-08-28 19:53:39,680.0,1338.4,330.0,334.5,REGULAR,0,2022-09-16
1312,AAPL220916C00700000,2020-08-28 18:32:59,700.0,1089.4,325.15,330.0,REGULAR,0,2022-09-16
1313,AAPL220916C00720000,2020-08-28 19:57:38,720.0,324.69,320.5,325.0,REGULAR,0,2022-09-16
1314,AAPL220916C00740000,2020-08-28 19:48:09,740.0,1262.6,316.0,320.5,REGULAR,0,2022-09-16
1315,AAPL220916C00800000,2020-08-28 19:31:51,800.0,306.89,302.25,307.0,REGULAR,0,2022-09-16
1316,AAPL220916C00900000,2020-08-28 19:46:07,900.0,31.47,30.4,32.2,REGULAR,0,2022-09-16
1317,AAPL220916C01000000,2020-08-28 19:59:03,1000.0,24.75,24.5,24.75,REGULAR,0,2022-09-16
1318,AAPL220916P00040000,2021-11-19 17:19:57,40.0,0.1,0.09,0.11,REGULAR,1,2022-09-16
1319,AAPL220916P00041250,2021-10-27 18:46:40,41.25,0.15,0.05,0.12,REGULAR,1,2022-09-16
1320,AAPL220916P00042500,2021-11-03 13:48:56,42.5,0.15,0.07,0.13,REGULAR,1,2022-09-16
1321,AAPL220916P00043750,2021-10-18 13:30:21,43.75,0.22,0.08,0.14,REGULAR,1,2022-09-16
1322,AAPL220916P00045000,2021-10-20 19:18:32,45.0,0.22,0.09,0.15,REGULAR,1,2022-09-16
1323,AAPL220916P00046250,2021-11-10 14:32:55,46.25,0.2,0.1,0.16,REGULAR,1,2022-09-16
1324,AAPL220916P00047500,2021-11-04 18:34:32,47.5,0.18,0.11,0.18,REGULAR,1,2022-09-16
1325,AAPL220916P00048750,2021-10-27 14:49:50,48.75,0.25,0.13,0.19,REGULAR,1,2022-09-16
1326,AAPL220916P00050000,2021-11-18 15:01:52,50.0,0.23,0.14,0.2,REGULAR,1,2022-09-16
1327,AAPL220916P00052500,2021-11-02 18:05:25,52.5,0.27,0.17,0.24,REGULAR,1,2022-09-16
1328,AAPL220916P00055000,2021-11-18 17:58:26,55.0,0.29,0.21,0.27,REGULAR,1,2022-09-16
1329,AAPL220916P00057500,2021-11-02 14:19:25,57.5,0.33,0.24,0.31,REGULAR,1,2022-09-16
1330,AAPL220916P00060000,2021-11-16 17:27:42,60.0,0.38,0.3,0.35,REGULAR,1,2022-09-16
1331,AAPL220916P00062500,2021-11-09 16:01:44,62.5,0.44,0.32,0.4,REGULAR,1,2022-09-16
1332,AAPL220916P00065000,2021-11-09 17:20:09,65.0,0.49,0.37,0.45,REGULAR,1,2022-09-16
1333,AAPL220916P00067500,2021-10-18 14:35:42,67.5,0.73,0.42,0.5,REGULAR,1,2022-09-16
1334,AAPL220916P00070000,2021-11-17 16:37:41,70.0,0.58,0.48,0.55,REGULAR,1,2022-09-16
1335,AAPL220916P00072500,2021-11-05 19:54:27,72.5,0.68,0.53,0.61,REGULAR,1,2022-09-16
1336,AAPL220916P00075000,2021-11-18 17:06:02,75.0,0.74,0.6,0.68,REGULAR,1,2022-09-16
1337,AAPL220916P00076250,2021-11-16 18:19:45,76.25,0.76,0.63,0.71,REGULAR,1,2022-09-16
1338,AAPL220916P00077500,2021-10-26 19:08:12,77.5,1.0,0.66,0.75,REGULAR,1,2022-09-16
1339,AAPL220916P00078750,2021-10-26 13:47:29,78.75,1.05,0.71,0.79,REGULAR,1,2022-09-16
1340,AAPL220916P00080000,2021-11-19 20:13:12,80.0,0.78,0.74,0.83,REGULAR,1,2022-09-16
1341,AAPL220916P00081250,2021-10-27 19:30:16,81.25,1.16,0.78,0.87,REGULAR,1,2022-09-16
1342,AAPL220916P00082500,2021-11-12 18:52:28,82.5,1.06,0.82,0.91,REGULAR,1,2022-09-16
1343,AAPL220916P00083750,2021-11-12 18:01:17,83.75,1.12,0.87,0.95,REGULAR,1,2022-09-16
1344,AAPL220916P00085000,2021-11-17 16:41:31,85.0,1.07,0.95,1.0,REGULAR,1,2022-09-16
1345,AAPL220916P00086250,2021-11-04 18:35:13,86.25,1.16,0.96,1.05,REGULAR,1,2022-09-16
1346,AAPL220916P00087500,2021-11-16 15:50:43,87.5,1.23,1.01,1.1,REGULAR,1,2022-09-16
1347,AAPL220916P00090000,2021-11-19 18:23:41,90.0,1.17,1.11,1.21,REGULAR,1,2022-09-16
1348,AAPL220916P00092500,2021-11-19 16:08:27,92.5,1.35,1.23,1.33,REGULAR,1,2022-09-16
1349,AAPL220916P00095000,2021-11-19 20:58:04,95.0,1.41,1.35,1.45,REGULAR,1,2022-09-16
1350,AAPL220916P00097500,2021-11-15 18:04:47,97.5,1.83,1.5,1.6,REGULAR,1,2022-09-16
1351,AAPL220916P00100000,2021-11-19 19:41:22,100.0,1.68,1.65,1.76,REGULAR,1,2022-09-16
1352,AAPL220916P00102500,2021-11-19 18:59:29,102.5,1.89,1.82,1.93,REGULAR,1,2022-09-16
1353,AAPL220916P00105000,2021-11-19 17:40:28,105.0,2.17,2.01,2.12,REGULAR,1,2022-09-16
1354,AAPL220916P00107500,2021-11-15 14:33:24,107.5,2.72,2.22,2.33,REGULAR,1,2022-09-16
1355,AAPL220916P00110000,2021-11-19 20:58:04,110.0,2.51,2.44,2.56,REGULAR,1,2022-09-16
1356,AAPL220916P00112500,2021-11-18 17:22:31,112.5,3.19,2.7,2.82,REGULAR,1,2022-09-16
1357,AAPL220916P00115000,2021-11-19 20:02:50,115.0,3.05,2.98,3.1,REGULAR,1,2022-09-16
1358,AAPL220916P00117500,2021-11-19 15:19:50,117.5,3.7,3.3,3.45,REGULAR,1,2022-09-16
1359,AAPL220916P00120000,2021-11-19 20:54:37,120.0,3.75,3.65,3.8,REGULAR,1,2022-09-16
1360,AAPL220916P00122500,2021-11-19 17:28:46,122.5,4.29,4.05,4.2,REGULAR,1,2022-09-16
1361,AAPL220916P00125000,2021-11-19 20:41:39,125.0,4.5,4.45,4.6,REGULAR,1,2022-09-16
1362,AAPL220916P00130000,2021-11-19 20:58:55,130.0,5.55,5.45,5.6,REGULAR,1,2022-09-16
1363,AAPL220916P00135000,2021-11-19 19:25:25,135.0,6.7,6.6,6.75,REGULAR,1,2022-09-16
1364,AAPL220916P00140000,2021-11-19 20:30:59,140.0,8.15,7.95,8.15,REGULAR,1,2022-09-16
1365,AAPL220916P00145000,2021-11-19 20:58:55,145.0,9.79,9.55,9.8,REGULAR,1,2022-09-16
1366,AAPL220916P00150000,2021-11-19 20:57:24,150.0,11.75,11.6,11.75,REGULAR,1,2022-09-16
1367,AAPL220916P00155000,2021-11-19 20:50:24,155.0,13.9,13.75,13.95,REGULAR,1,2022-09-16
1368,AAPL220916P00160000,2021-11-19 20:48:37,160.0,16.35,16.2,16.45,REGULAR,1,2022-09-16
1451,AAPL230120C00165000,2021-11-19 20:45:25,165.0,18.9,18.45,18.8,REGULAR,0,2023-01-20
1452,AAPL230120C00170000,2021-11-19 20:56:06,170.0,16.45,16.5,16.75,REGULAR,0,2023-01-20
1453,AAPL230120C00175000,2021-11-19 20:41:51,175.0,14.93,14.65,14.95,REGULAR,0,2023-01-20
1454,AAPL230120C00180000,2021-11-19 20:52:00,180.0,13.15,12.95,13.3,REGULAR,0,2023-01-20
1455,AAPL230120C00185000,2021-11-19 20:51:22,185.0,11.65,11.55,11.85,REGULAR,0,2023-01-20
1456,AAPL230120C00190000,2021-11-19 20:59:00,190.0,10.3,9.55,10.55,REGULAR,0,2023-01-20
1457,AAPL230120C00195000,2021-11-19 20:56:25,195.0,9.12,9.1,9.35,REGULAR,0,2023-01-20
1458,AAPL230120C00200000,2021-11-19 20:59:56,200.0,8.3,8.05,8.3,REGULAR,0,2023-01-20
1459,AAPL230120C00210000,2021-11-19 19:39:51,210.0,6.45,6.35,6.6,REGULAR,0,2023-01-20
1460,AAPL230120C00220000,2021-11-19 20:43:21,220.0,5.2,5.0,5.2,REGULAR,0,2023-01-20
1461,AAPL230120C00230000,2021-11-19 20:52:04,230.0,4.1,4.05,4.25,REGULAR,0,2023-01-20
1462,AAPL230120C00240000,2021-11-19 20:27:12,240.0,3.24,3.25,3.35,REGULAR,0,2023-01-20
1463,AAPL230120C00250000,2021-11-19 20:52:28,250.0,2.71,2.62,2.75,REGULAR,0,2023-01-20
1464,AAPL230120C00260000,2021-11-19 20:56:25,260.0,2.21,2.16,2.3,REGULAR,0,2023-01-20
1465,AAPL230120P00030000,2021-11-19 17:33:29,30.0,0.16,0.03,0.16,REGULAR,1,2023-01-20
1466,AAPL230120P00035000,2021-11-04 17:28:01,35.0,0.13,0.08,0.25,REGULAR,1,2023-01-20
1467,AAPL230120P00040000,2021-11-15 15:54:00,40.0,0.25,0.18,0.31,REGULAR,1,2023-01-20
1468,AAPL230120P00050000,2021-11-19 19:57:14,50.0,0.4,0.31,0.4,REGULAR,1,2023-01-20
1469,AAPL230120P00055000,2021-11-18 17:31:43,55.0,0.56,0.42,0.58,REGULAR,1,2023-01-20
1470,AAPL230120P00060000,2021-11-19 16:48:25,60.0,0.62,0.6,0.7,REGULAR,1,2023-01-20
1471,AAPL230120P00065000,2021-11-18 17:35:22,65.0,0.86,0.69,0.85,REGULAR,1,2023-01-20
1472,AAPL230120P00070000,2021-11-19 16:59:40,70.0,0.95,0.87,1.01,REGULAR,1,2023-01-20
1473,AAPL230120P00075000,2021-11-19 20:24:13,75.0,1.11,1.07,1.22,REGULAR,1,2023-01-20
1474,AAPL230120P00080000,2021-11-19 18:27:48,80.0,1.39,1.29,1.44,REGULAR,1,2023-01-20
1475,AAPL230120P00085000,2021-11-19 18:27:48,85.0,1.65,1.56,1.72,REGULAR,1,2023-01-20
1476,AAPL230120P00090000,2021-11-19 19:26:50,90.0,1.94,1.88,2.04,REGULAR,1,2023-01-20
1477,AAPL230120P00095000,2021-11-19 19:26:50,95.0,2.34,2.26,2.42,REGULAR,1,2023-01-20
1478,AAPL230120P00100000,2021-11-19 20:24:57,100.0,2.78,2.74,2.88,REGULAR,1,2023-01-20
1479,AAPL230120P00105000,2021-11-19 16:54:58,105.0,3.4,3.25,3.45,REGULAR,1,2023-01-20
1480,AAPL230120P00110000,2021-11-19 18:07:44,110.0,4.05,3.9,4.1,REGULAR,1,2023-01-20
1481,AAPL230120P00115000,2021-11-19 20:37:51,115.0,4.75,4.65,4.85,REGULAR,1,2023-01-20
1482,AAPL230120P00120000,2021-11-19 20:33:05,120.0,5.7,5.6,5.8,REGULAR,1,2023-01-20
1483,AAPL230120P00125000,2021-11-19 20:59:01,125.0,6.8,6.65,6.9,REGULAR,1,2023-01-20
1484,AAPL230120P00130000,2021-11-19 20:51:02,130.0,7.95,7.2,8.1,REGULAR,1,2023-01-20
1485,AAPL230120P00135000,2021-11-19 20:59:18,135.0,9.35,9.3,9.5,REGULAR,1,2023-01-20
1486,AAPL230120P00140000,2021-11-19 20:36:59,140.0,11.0,10.9,11.15,REGULAR,1,2023-01-20
1487,AAPL230120P00145000,2021-11-19 20:56:48,145.0,12.9,12.7,12.95,REGULAR,1,2023-01-20
1488,AAPL230120P00150000,2021-11-19 20:51:58,150.0,14.9,14.75,15.0,REGULAR,1,2023-01-20
1489,AAPL230120P00155000,2021-11-19 20:51:56,155.0,17.26,17.0,17.3,REGULAR,1,2023-01-20
1490,AAPL230120P00160000,2021-11-19 20:56:34,160.0,19.77,19.5,19.7,REGULAR,1,2023-01-20
1526,AAPL230317C00165000,2021-11-19 20:41:19,165.0,20.3,18.95,21.35,REGULAR,0,2023-03-17
1527,AAPL230317C00170000,2021-11-19 20:47:39,170.0,18.15,17.9,18.2,REGULAR,0,2023-03-17
1528,AAPL230317C00175000,2021-11-19 18:10:44,175.0,16.25,16.1,16.45,REGULAR,0,2023-03-17
1529,AAPL230317C00180000,2021-11-19 19:37:27,180.0,14.6,14.35,14.8,REGULAR,0,2023-03-17
1530,AAPL230317C00185000,2021-11-19 19:51:26,185.0,13.0,12.85,13.2,REGULAR,0,2023-03-17
1531,AAPL230317C00190000,2021-11-19 19:56:21,190.0,11.7,11.5,11.95,REGULAR,0,2023-03-17
1532,AAPL230317C00195000,2021-11-19 20:52:28,195.0,10.45,9.65,10.7,REGULAR,0,2023-03-17
1533,AAPL230317C00200000,2021-11-19 20:59:28,200.0,9.35,9.3,9.5,REGULAR,0,2023-03-17
1534,AAPL230317C00210000,2021-11-19 20:59:52,210.0,7.5,7.4,7.6,REGULAR,0,2023-03-17
1535,AAPL230317C00220000,2021-11-19 18:13:26,220.0,6.15,6.0,6.25,REGULAR,0,2023-03-17
1536,AAPL230317C00230000,2021-11-19 20:36:05,230.0,5.0,4.85,5.85,REGULAR,0,2023-03-17
1537,AAPL230317C00240000,2021-11-19 15:41:09,240.0,3.94,3.95,4.2,REGULAR,0,2023-03-17
1538,AAPL230317C00250000,2021-11-19 20:15:42,250.0,3.35,3.2,3.5,REGULAR,0,2023-03-17
1539,AAPL230317C00260000,2021-11-19 20:11:12,260.0,2.78,2.7,2.9,REGULAR,0,2023-03-17
1540,AAPL230317P00060000,2021-11-18 16:29:25,60.0,0.91,0.66,0.88,REGULAR,1,2023-03-17
1541,AAPL230317P00065000,2021-11-05 13:49:28,65.0,0.96,0.83,1.05,REGULAR,1,2023-03-17
1542,AAPL230317P00070000,2021-10-25 18:05:39,70.0,1.4,1.05,1.23,REGULAR,1,2023-03-17
1543,AAPL230317P00075000,2021-11-19 20:58:28,75.0,1.37,1.27,1.47,REGULAR,1,2023-03-17
1544,AAPL230317P00080000,2021-11-08 16:36:50,80.0,1.79,1.53,1.74,REGULAR,1,2023-03-17
1545,AAPL230317P00085000,2021-11-17 14:37:38,85.0,2.1,1.85,2.06,REGULAR,1,2023-03-17
1546,AAPL230317P00090000,2021-11-19 20:58:21,90.0,2.33,2.22,2.43,REGULAR,1,2023-03-17
1547,AAPL230317P00095000,2021-11-19 20:58:21,95.0,2.78,2.7,2.88,REGULAR,1,2023-03-17
1548,AAPL230317P00100000,2021-11-19 18:43:34,100.0,3.3,3.15,3.4,REGULAR,1,2023-03-17
1549,AAPL230317P00105000,2021-11-17 16:15:55,105.0,4.25,3.8,4.05,REGULAR,1,2023-03-17
1550,AAPL230317P00110000,2021-11-19 17:16:25,110.0,4.68,4.5,4.75,REGULAR,1,2023-03-17
1551,AAPL230317P00115000,2021-11-19 17:42:11,115.0,5.7,5.35,5.65,REGULAR,1,2023-03-17
1552,AAPL230317P00120000,2021-11-19 19:19:24,120.0,6.5,6.4,6.65,REGULAR,1,2023-03-17
1553,AAPL230317P00125000,2021-11-19 18:28:47,125.0,7.7,6.8,7.85,REGULAR,1,2023-03-17
1554,AAPL230317P00130000,2021-11-19 19:36:20,130.0,9.0,8.1,9.15,REGULAR,1,2023-03-17
1555,AAPL230317P00135000,2021-11-19 20:33:09,135.0,10.5,10.35,10.65,REGULAR,1,2023-03-17
1556,AAPL230317P00140000,2021-11-19 19:05:53,140.0,12.1,11.3,12.35,REGULAR,1,2023-03-17
1557,AAPL230317P00145000,2021-11-19 19:05:48,145.0,14.09,13.15,14.25,REGULAR,1,2023-03-17
1558,AAPL230317P00150000,2021-11-19 18:54:34,150.0,16.25,15.25,16.35,REGULAR,1,2023-03-17
1559,AAPL230317P00155000,2021-11-19 18:58:35,155.0,18.5,17.5,18.65,REGULAR,1,2023-03-17
1560,AAPL230317P00160000,2021-11-19 17:40:01,160.0,21.55,20.85,21.2,REGULAR,1,2023-03-17
1596,AAPL230616C00165000,2021-11-19 19:41:09,165.0,22.4,22.0,23.8,REGULAR,0,2023-06-16
1597,AAPL230616C00170000,2021-11-19 19:37:30,170.0,20.23,19.95,22.5,REGULAR,0,2023-06-16
1598,AAPL230616C00175000,2021-11-19 19:41:24,175.0,18.35,18.1,20.8,REGULAR,0,2023-06-16
1599,AAPL230616C00180000,2021-11-19 20:07:10,180.0,16.55,16.45,16.85,REGULAR,0,2023-06-16
1600,AAPL230616C00185000,2021-11-19 17:01:56,185.0,14.87,14.95,15.4,REGULAR,0,2023-06-16
1601,AAPL230616C00190000,2021-11-19 20:32:52,190.0,13.62,13.5,13.8,REGULAR,0,2023-06-16
1602,AAPL230616C00195000,2021-11-19 20:57:03,195.0,12.35,12.25,12.7,REGULAR,0,2023-06-16
1603,AAPL230616C00200000,2021-11-19 19:41:58,200.0,11.25,10.3,12.45,REGULAR,0,2023-06-16
1604,AAPL230616C00210000,2021-11-19 20:59:56,210.0,9.3,8.4,10.35,REGULAR,0,2023-06-16
1605,AAPL230616C00220000,2021-11-19 18:58:35,220.0,7.7,6.7,7.85,REGULAR,0,2023-06-16
1606,AAPL230616C00230000,2021-11-19 20:28:13,230.0,6.28,5.4,8.0,REGULAR,0,2023-06-16
1607,AAPL230616C00240000,2021-11-19 19:06:31,240.0,5.3,5.15,6.2,REGULAR,0,2023-06-16
1608,AAPL230616C00250000,2021-11-19 20:57:24,250.0,4.4,4.4,4.6,REGULAR,0,2023-06-16
1609,AAPL230616C00260000,2021-11-19 20:28:13,260.0,3.7,3.65,3.85,REGULAR,0,2023-06-16
1610,AAPL230616C00270000,2021-11-19 20:43:03,270.0,3.25,3.0,3.35,REGULAR,0,2023-06-16
1611,AAPL230616C00280000,2021-11-19 20:14:48,280.0,2.72,2.6,3.55,REGULAR,0,2023-06-16
1612,AAPL230616C00290000,2021-11-19 20:57:26,290.0,2.33,2.24,2.5,REGULAR,0,2023-06-16
1613,AAPL230616C00300000,2021-11-19 20:59:48,300.0,2.11,1.95,2.12,REGULAR,0,2023-06-16
1614,AAPL230616P00060000,2021-11-18 17:38:16,60.0,0.9,0.8,1.12,REGULAR,1,2023-06-16
1615,AAPL230616P00065000,2021-11-19 18:19:09,65.0,1.19,1.06,1.3,REGULAR,1,2023-06-16
1616,AAPL230616P00070000,2021-11-18 15:54:36,70.0,1.45,1.29,1.54,REGULAR,1,2023-06-16
1617,AAPL230616P00075000,2021-11-19 17:35:10,75.0,1.68,1.61,1.82,REGULAR,1,2023-06-16
1618,AAPL230616P00080000,2021-11-03 19:52:04,80.0,2.1,1.9,2.15,REGULAR,1,2023-06-16
1619,AAPL230616P00085000,2021-11-19 19:11:00,85.0,2.42,2.28,2.54,REGULAR,1,2023-06-16
1620,AAPL230616P00090000,2021-11-19 16:47:55,90.0,2.89,2.73,2.99,REGULAR,1,2023-06-16
1621,AAPL230616P00095000,2021-11-19 20:57:22,95.0,3.4,3.25,3.55,REGULAR,1,2023-06-16
1622,AAPL230616P00100000,2021-11-19 20:53:52,100.0,4.05,3.85,4.15,REGULAR,1,2023-06-16
1623,AAPL230616P00105000,2021-11-19 15:06:01,105.0,5.05,4.6,4.9,REGULAR,1,2023-06-16
1624,AAPL230616P00110000,2021-11-19 20:32:52,110.0,5.62,5.45,5.75,REGULAR,1,2023-06-16
1625,AAPL230616P00115000,2021-11-19 18:20:11,115.0,6.7,6.4,6.75,REGULAR,1,2023-06-16
1626,AAPL230616P00120000,2021-11-19 19:45:42,120.0,7.75,7.5,7.9,REGULAR,1,2023-06-16
1627,AAPL230616P00125000,2021-11-19 20:03:12,125.0,9.0,8.8,9.2,REGULAR,1,2023-06-16
1628,AAPL230616P00130000,2021-11-19 17:26:32,130.0,10.69,8.65,10.65,REGULAR,1,2023-06-16
1629,AAPL230616P00135000,2021-11-19 18:23:46,135.0,12.14,11.85,12.25,REGULAR,1,2023-06-16
1630,AAPL230616P00140000,2021-11-19 16:23:50,140.0,14.13,13.65,14.0,REGULAR,1,2023-06-16
1631,AAPL230616P00145000,2021-11-19 19:07:05,145.0,15.83,15.6,16.0,REGULAR,1,2023-06-16
1632,AAPL230616P00150000,2021-11-19 20:32:52,150.0,17.93,17.7,18.15,REGULAR,1,2023-06-16
1633,AAPL230616P00155000,2021-11-19 20:59:18,155.0,20.35,20.1,20.55,REGULAR,1,2023-06-16
1634,AAPL230616P00160000,2021-11-19 20:03:04,160.0,22.88,22.65,23.1,REGULAR,1,2023-06-16
1672,AAPL230915C00165000,2021-11-19 20:45:41,165.0,24.4,23.85,25.0,REGULAR,0,2023-09-15
1673,AAPL230915C00170000,2021-11-19 19:45:54,170.0,22.29,21.8,24.5,REGULAR,0,2023-09-15
1674,AAPL230915C00175000,2021-11-19 18:58:50,175.0,20.35,19.2,21.0,REGULAR,0,2023-09-15
1675,AAPL230915C00180000,2021-11-19 19:58:53,180.0,18.5,18.3,19.4,REGULAR,0,2023-09-15
1676,AAPL230915C00185000,2021-11-18 19:09:54,185.0,16.0,16.7,17.45,REGULAR,0,2023-09-15
1677,AAPL230915C00190000,2021-11-19 19:00:20,190.0,15.52,15.3,17.15,REGULAR,0,2023-09-15
1678,AAPL230915C00195000,2021-11-19 19:45:10,195.0,14.25,13.95,15.9,REGULAR,0,2023-09-15
1679,AAPL230915C00200000,2021-11-19 20:58:58,200.0,12.9,12.75,12.9,REGULAR,0,2023-09-15
1680,AAPL230915C00205000,2021-11-19 17:46:28,205.0,11.65,11.7,13.7,REGULAR,0,2023-09-15
1681,AAPL230915C00210000,2021-11-19 17:46:37,210.0,10.65,10.6,12.4,REGULAR,0,2023-09-15
1682,AAPL230915C00220000,2021-11-19 18:52:39,220.0,8.97,8.7,9.4,REGULAR,0,2023-09-15
1683,AAPL230915C00230000,2021-11-19 19:50:20,230.0,7.63,7.4,7.8,REGULAR,0,2023-09-15
1684,AAPL230915C00240000,2021-11-19 20:52:06,240.0,6.4,6.2,7.65,REGULAR,0,2023-09-15
1685,AAPL230915C00250000,2021-11-19 20:18:25,250.0,5.45,5.25,6.05,REGULAR,0,2023-09-15
1686,AAPL230915P00070000,2021-11-19 20:10:41,70.0,1.65,1.6,1.83,REGULAR,1,2023-09-15
1687,AAPL230915P00075000,2021-11-19 15:56:04,75.0,1.95,1.78,2.16,REGULAR,1,2023-09-15
1688,AAPL230915P00080000,2021-11-19 20:32:36,80.0,2.35,2.15,2.53,REGULAR,1,2023-09-15
1689,AAPL230915P00085000,2021-10-29 18:39:14,85.0,3.1,2.6,2.98,REGULAR,1,2023-09-15
1690,AAPL230915P00090000,2021-11-19 18:24:31,90.0,3.34,3.1,3.5,REGULAR,1,2023-09-15
1691,AAPL230915P00095000,2021-11-17 15:59:15,95.0,4.15,3.7,4.15,REGULAR,1,2023-09-15
1692,AAPL230915P00100000,2021-11-17 16:19:45,100.0,4.8,4.4,4.85,REGULAR,1,2023-09-15
1693,AAPL230915P00105000,2021-11-19 20:55:33,105.0,5.5,4.5,5.65,REGULAR,1,2023-09-15
1694,AAPL230915P00110000,2021-11-19 17:25:07,110.0,6.55,5.4,6.6,REGULAR,1,2023-09-15
1695,AAPL230915P00115000,2021-11-19 17:41:22,115.0,7.61,7.2,7.7,REGULAR,1,2023-09-15
1696,AAPL230915P00120000,2021-11-19 15:41:24,120.0,9.0,7.65,8.95,REGULAR,1,2023-09-15
1697,AAPL230915P00125000,2021-11-19 20:36:25,125.0,10.05,9.8,10.35,REGULAR,1,2023-09-15
1698,AAPL230915P00130000,2021-11-19 20:31:40,130.0,11.55,10.35,11.9,REGULAR,1,2023-09-15
1699,AAPL230915P00135000,2021-11-19 20:37:44,135.0,13.25,13.05,13.6,REGULAR,1,2023-09-15
1700,AAPL230915P00140000,2021-11-19 15:16:18,140.0,15.8,14.9,15.5,REGULAR,1,2023-09-15
1701,AAPL230915P00145000,2021-11-19 18:47:52,145.0,17.33,16.95,17.55,REGULAR,1,2023-09-15
1702,AAPL230915P00150000,2021-11-19 19:45:10,150.0,19.5,19.15,19.75,REGULAR,1,2023-09-15
1703,AAPL230915P00155000,2021-11-19 20:22:31,155.0,21.92,20.8,22.2,REGULAR,1,2023-09-15
1704,AAPL230915P00160000,2021-11-19 16:13:18,160.0,24.74,24.15,24.8,REGULAR,1,2023-09-15
1742,AAPL240119C00165000,2021-11-19 20:59:18,165.0,27.0,26.55,28.75,REGULAR,0,2024-01-19
1743,AAPL240119C00170000,2021-11-19 20:59:34,170.0,25.05,23.0,25.4,REGULAR,0,2024-01-19
1744,AAPL240119C00175000,2021-11-19 20:57:22,175.0,22.8,20.5,24.0,REGULAR,0,2024-01-19
1745,AAPL240119C00180000,2021-11-19 20:51:39,180.0,21.3,21.0,23.5,REGULAR,0,2024-01-19
1746,AAPL240119C00185000,2021-11-19 20:48:43,185.0,19.75,19.5,21.5,REGULAR,0,2024-01-19
1747,AAPL240119C00190000,2021-11-19 20:16:38,190.0,18.1,17.9,18.45,REGULAR,0,2024-01-19
1748,AAPL240119C00195000,2021-11-19 20:07:27,195.0,16.9,16.5,17.5,REGULAR,0,2024-01-19
1749,AAPL240119C00200000,2021-11-19 20:59:20,200.0,15.45,15.25,17.0,REGULAR,0,2024-01-19
1750,AAPL240119C00205000,2021-11-19 18:58:55,205.0,14.45,12.0,17.0,REGULAR,0,2024-01-19
1751,AAPL240119C00210000,2021-11-19 20:58:46,210.0,13.2,11.0,14.8,REGULAR,0,2024-01-19
1752,AAPL240119C00215000,2021-11-19 20:26:17,215.0,12.35,11.55,14.5,REGULAR,0,2024-01-19
1753,AAPL240119C00220000,2021-11-19 20:01:02,220.0,11.5,10.7,14.0,REGULAR,0,2024-01-19
1754,AAPL240119C00225000,2021-11-19 20:50:53,225.0,10.7,10.0,13.0,REGULAR,0,2024-01-19
1755,AAPL240119C00230000,2021-11-19 20:49:33,230.0,10.0,7.6,12.0,REGULAR,0,2024-01-19
1756,AAPL240119C00235000,2021-11-19 20:58:09,235.0,9.03,6.5,11.5,REGULAR,0,2024-01-19
1757,AAPL240119C00240000,2021-11-19 20:18:22,240.0,8.3,6.0,11.0,REGULAR,0,2024-01-19
1758,AAPL240119C00245000,2021-11-19 19:24:08,245.0,7.86,5.5,10.5,REGULAR,0,2024-01-19
1759,AAPL240119C00250000,2021-11-19 20:52:52,250.0,7.15,7.0,8.0,REGULAR,0,2024-01-19
1760,AAPL240119C00260000,2021-11-19 20:58:59,260.0,6.2,6.15,6.3,REGULAR,0,2024-01-19
1761,AAPL240119P00050000,2021-11-19 15:39:10,50.0,1.03,0.78,1.03,REGULAR,1,2024-01-19
1762,AAPL240119P00055000,2021-11-19 19:48:52,55.0,1.2,0.89,1.37,REGULAR,1,2024-01-19
1763,AAPL240119P00060000,2021-11-18 19:52:57,60.0,1.55,1.21,1.58,REGULAR,1,2024-01-19
1764,AAPL240119P00065000,2021-11-19 20:53:32,65.0,1.7,1.48,1.7,REGULAR,1,2024-01-19
1765,AAPL240119P00070000,2021-11-18 19:34:43,70.0,2.1,0.0,5.0,REGULAR,1,2024-01-19
1766,AAPL240119P00075000,2021-11-19 18:12:09,75.0,2.33,2.11,2.52,REGULAR,1,2024-01-19
1767,AAPL240119P00080000,2021-11-18 19:40:13,80.0,2.99,0.5,5.5,REGULAR,1,2024-01-19
1768,AAPL240119P00085000,2021-11-19 15:55:50,85.0,3.45,2.45,6.0,REGULAR,1,2024-01-19
1769,AAPL240119P00090000,2021-11-19 18:58:38,90.0,3.95,3.9,4.5,REGULAR,1,2024-01-19
1770,AAPL240119P00095000,2021-11-19 18:37:53,95.0,4.7,2.0,5.8,REGULAR,1,2024-01-19
1771,AAPL240119P00100000,2021-11-19 20:32:01,100.0,5.4,5.4,5.8,REGULAR,1,2024-01-19
1772,AAPL240119P00105000,2021-11-19 17:53:27,105.0,6.45,6.3,6.55,REGULAR,1,2024-01-19
1773,AAPL240119P00110000,2021-11-19 18:48:20,110.0,7.25,5.0,7.6,REGULAR,1,2024-01-19
1774,AAPL240119P00115000,2021-11-19 17:21:20,115.0,8.67,6.0,8.85,REGULAR,1,2024-01-19
1775,AAPL240119P00120000,2021-11-19 19:47:23,120.0,10.0,7.5,11.45,REGULAR,1,2024-01-19
1776,AAPL240119P00125000,2021-11-19 20:21:32,125.0,11.49,11.0,14.0,REGULAR,1,2024-01-19
1777,AAPL240119P00130000,2021-11-19 19:08:31,130.0,13.0,12.2,15.5,REGULAR,1,2024-01-19
1778,AAPL240119P00135000,2021-11-19 19:49:42,135.0,15.0,12.5,16.25,REGULAR,1,2024-01-19
1779,AAPL240119P00140000,2021-11-19 20:43:05,140.0,16.8,16.0,19.5,REGULAR,1,2024-01-19
1780,AAPL240119P00145000,2021-11-19 19:44:34,145.0,18.97,16.5,21.5,REGULAR,1,2024-01-19
1781,AAPL240119P00150000,2021-11-19 19:51:20,150.0,21.41,21.2,23.5,REGULAR,1,2024-01-19
1782,AAPL240119P00155000,2021-11-19 19:04:24,155.0,23.77,23.0,25.0,REGULAR,1,2024-01-19
1783,AAPL240119P00160000,2021-11-19 20:12:43,160.0,26.6,26.2,26.55,REGULAR,1,2024-01-19
